CURVE,X,Y
211,0,0.1
272,0,0.13
450,0,0.17
443,0,0.17
172,0,0.15
320,0,0.19
210,0,0.2
141,0,0.18
50,0,0.15
25,0,0.1
365,0,0.21
354,0,0.21
441,0,0.23
299,0,0.23
440,0,0.26
364,0,0.28
458,0,0.32
453,0,0.32
449,0,0.34
442,0,0.34
421,0,0.3
416,0,0.3
353,0,0.28
195,0,0.39
352,0,0.51
131,0,0.4
52,0,0.25
452,0,0.68
196,0,0.61
173,0,0.6
51,0,0.6
27,0,0.2
11,0,0.2
300,0,0.77
261,0,0.8
89,0,0.7
321,0,0.81
399,0,0.85
394,0,0.85
273,0,0.87
149,0,0.82
142,0,0.82
77,0,0.8
26,0,0.7
10,0,0.7
9,0,0.1
75,9,0
76,9,0
76,10,1
76,11,0
241,79,0
407,79,0
407,80,0.15
290,79,0
290,80,0.13
243,79,0
243,80,0.1
316,79,0
316,80,0.23
408,79,0
408,80,0.85
317,79,0
317,80,0.77
318,79,0
318,80,1
313,79,0
313,80,1
313,100,1
313,101,0
291,79,0
291,80,0.87
244,79,0
244,80,0.7
242,79,0
242,80,0.2
245,79,0
245,80,1
238,79,0
238,80,1
238,100,1
238,101,0
406,79,0
406,80,30.9
406,90,32.4
406,100,34
406,110,35.4
406,120,36.7
406,140,39.1
485,79,0
485,80,35.1
485,90,37.2
485,100,39.4
413,79,0
413,80,50.4
413,90,57.5
413,100,64.2
413,110,70.2
413,120,75.7
413,130,80.9
413,140,85.6
296,79,0
296,80,58.1
296,90,66.3
296,100,73.8
296,110,80.7
296,120,87.1
296,130,92.9
287,79,0
287,80,31.9
287,100,35.3
287,120,38.3
287,130,39.7
237,79,0
237,80,30.9
237,110,35.4
237,120,36.7
237,140,39.1
492,79,0
492,80,91.8
492,90,104.1
492,100,116
412,79,0
412,80,100.8
412,90,115
412,100,128.4
412,110,140.4
412,120,151.5
412,130,161.7
412,140,171.2
295,79,0
295,80,116.2
295,90,132.7
295,100,147.6
295,110,161.3
295,120,174.1
295,130,185.7
403,79,0
403,80,75.6
403,90,86.2
403,100,96.3
403,110,105.3
403,120,113.6
403,130,121.3
403,140,128.4
284,79,0
284,80,75.6
284,90,86.2
284,100,95.9
284,110,104.8
284,120,113.2
284,130,120.7
234,79,0
234,80,60.4
234,90,68.8
234,100,76.9
234,110,84
234,120,90.7
234,130,96.8
234,140,102.5
491,79,0
491,80,183.6
491,90,208.2
491,100,232
483,79,0
483,80,211.1
483,90,239.5
483,100,266.8
414,79,0
414,80,353
414,90,402.4
414,100,449.6
414,110,491.2
414,120,530.2
414,130,565.9
414,140,599.1
310,79,0
310,80,138.9
310,90,158.3
310,100,176.8
310,110,193.3
310,120,208.6
310,130,222.7
310,140,235.7
297,79,0
297,80,406.9
297,90,464.4
297,100,516.5
297,110,564.5
297,120,609.5
297,130,650
404,79,0
404,80,428.6
404,90,488.7
404,100,545.9
404,110,596.5
404,120,643.8
404,130,687.2
404,140,727.5
405,79,0
405,80,504.2
405,90,574.9
405,100,642.2
405,110,701.8
405,120,757.4
405,130,808.5
405,140,855.9
311,79,0
311,80,464.9
311,90,530
311,100,592.1
311,110,647.1
311,120,698.3
311,130,745.4
311,140,789.2
286,79,0
286,80,581.2
286,90,663.4
286,100,737.9
286,110,806.5
286,120,870.7
286,130,928.6
285,79,0
285,80,505.6
285,90,577.2
285,100,642
285,110,701.7
285,120,757.5
285,130,807.9
493,79,0
493,80,642.4
493,90,728.8
493,100,811.9
484,79,0
484,80,917.8
484,90,1041.1
484,100,1159.9
482,79,0
482,80,706.7
482,90,801.6
482,100,893.1
487,79,0
487,101,0
487,102,1
289,79,0
289,130,0
289,131,1
315,79,0
315,140,0
315,141,1
240,79,0
240,140,0
240,141,1
314,79,0
314,100,0
314,101,1
314,140,1
314,141,0
486,79,0
486,100,0
486,101,1
486,102,0
288,79,0
288,100,0
288,101,1
288,130,1
288,131,0
239,79,0
239,100,0
239,101,1
239,140,1
239,141,0
312,79,0
312,80,603.8
312,90,688.3
312,100,768.9
312,110,840.4
312,120,906.9
312,130,968.1
312,140,1024.9
236,79,0
236,80,603.8
236,90,688.3
236,100,768.9
236,110,840.4
236,120,906.9
236,130,968.1
236,140,1024.9
235,79,0
235,80,422.6
235,90,481.8
235,100,538.2
235,110,588.3
235,120,634.8
235,130,677.7
235,140,717.4
233,79,0
233,80,120.8
233,90,137.7
233,100,153.8
233,110,168.1
233,120,181.4
233,130,193.6
233,140,205
107,89,0
333,89,0
333,90,0.19
190,89,0
190,90,0.15
109,89,0
109,90,0.1
429,89,0
429,90,0.3
192,89,0
192,90,0.25
191,89,0
191,90,0.6
334,89,0
334,90,0.81
110,89,0
110,90,0.7
108,89,0
108,90,0.2
428,89,0
428,90,28.6
428,100,29.8
428,110,30.9
428,120,31.9
428,140,33.7
428,150,34.7
428,160,35.5
332,89,0
332,90,29.7
332,100,30.7
332,120,32.9
332,130,33.9
332,150,35.7
332,160,36.5
332,200,39.3
332,210,39.9
332,220,40.4
187,89,0
187,90,28.6
187,100,29.8
187,110,30.9
187,120,31.9
187,140,33.7
187,150,34.7
187,160,35.5
111,89,0
111,90,1
104,89,0
104,90,1
104,110,1
104,111,0
103,89,0
103,90,29.7
103,100,30.7
103,120,32.9
103,130,33.9
103,150,35.7
103,160,36.5
103,200,39.3
103,210,39.9
103,220,40.4
329,89,0
329,90,92.2
329,100,103.4
329,110,113.8
329,120,123.6
329,130,132.4
329,140,140.3
329,150,147.4
329,160,154.1
329,170,160.1
329,180,165.6
329,190,170.8
329,200,175.2
329,210,179.3
329,220,183
183,89,0
183,90,66.6
183,100,75.4
183,110,83.4
183,120,90.9
183,130,97.8
183,140,104.1
183,150,109.8
183,160,115
100,89,0
100,90,48.5
100,100,54.4
100,110,59.9
100,120,65
100,130,69.7
100,140,73.8
100,150,77.6
100,160,81.1
100,170,84.3
100,180,87.2
100,190,89.9
100,200,92.2
100,210,94.4
100,220,96.3
426,89,0
426,90,133.3
426,100,150.8
426,110,166.9
426,120,181.7
426,130,195.7
426,140,208.2
426,150,219.6
426,160,229.9
185,89,0
185,90,111
185,100,125.7
185,110,139.1
185,120,151.4
185,130,163.1
185,140,173.5
185,150,183
185,160,191.6
425,89,0
425,90,310.9
425,100,351.8
425,110,389.3
425,120,424.1
425,130,456.6
425,140,485.9
425,150,512.4
425,160,536.5
184,89,0
184,90,266.6
184,100,301.5
184,110,333.7
184,120,363.5
184,130,391.4
184,140,416.5
184,150,439.2
184,160,459.8
330,89,0
330,90,393.2
330,100,440.6
330,110,485
330,120,526.7
330,130,564.4
330,140,598.1
330,150,628.6
330,160,657.1
330,170,682.7
330,180,706.1
330,190,727.9
330,200,747.1
330,210,764.5
330,220,780.2
427,89,0
427,90,444.2
427,100,502.6
427,110,556.2
427,120,605.8
427,130,652.3
427,140,694.1
427,150,732
427,160,766.4
331,89,0
331,90,485.4
331,100,544
331,110,598.8
331,120,650.3
331,130,696.8
331,140,738.4
331,150,776
331,160,811.2
331,170,842.8
331,180,871.7
331,190,898.7
331,200,922.3
331,210,943.8
331,220,963.2
186,89,0
186,90,444.2
186,100,502.6
186,110,556.2
186,120,605.8
186,130,652.3
186,140,694.1
186,150,732
186,160,766.4
189,89,0
189,160,0
189,161,1
106,89,0
106,200,0
106,201,1
188,89,0
188,110,0
188,111,1
188,160,1
188,161,0
105,89,0
105,110,0
105,111,1
105,200,1
105,201,0
102,89,0
102,90,485.4
102,100,544
102,110,598.8
102,120,650.3
102,130,696.8
102,140,738.4
102,150,776
102,160,811.2
102,170,842.8
102,180,871.7
102,190,898.7
102,200,922.3
102,210,943.8
102,220,963.2
101,89,0
101,90,339.8
101,100,380.8
101,110,419.1
101,120,455.2
101,130,487.7
101,140,516.9
101,150,543.2
101,160,567.9
101,170,589.9
101,180,610.2
101,190,629.1
101,200,645.6
101,210,660.6
101,220,674.3
99,89,0
99,90,97.1
99,100,108.8
99,110,119.8
99,120,130.1
99,130,139.4
99,140,147.7
99,150,155.2
99,160,162.2
99,170,168.6
99,180,174.3
99,190,179.7
99,200,184.5
99,210,188.8
99,220,192.6
70,69,0
129,69,0
129,70,0.1
128,69,0
128,70,0.2
82,69,0
82,70,0.2
508,69,0
508,70,0.3
466,69,0
466,70,0.32
136,69,0
136,70,0.4
73,69,0
73,70,0.25
465,69,0
465,70,0.68
266,69,0
266,70,0.8
130,69,0
130,70,0.7
83,69,0
83,70,0.8
72,69,0
72,70,0.6
71,69,0
71,70,0.15
260,69,0
260,70,31.1
260,80,33.2
260,90,35.4
74,69,0
74,70,1
67,69,0
67,70,1
67,90,1
67,91,0
346,69,0
346,70,34.5
346,80,37
346,90,39.6
127,69,0
127,70,34.5
127,80,37
127,90,39.6
256,69,0
256,70,107.9
256,80,128.5
256,90,147.5
124,69,0
124,70,87
124,80,101.4
124,90,115.3
66,69,0
66,70,32.2
66,80,34.7
66,90,37.3
264,69,0
264,70,143.9
264,80,171.3
264,90,196.7
258,69,0
258,70,179.9
258,80,214.1
258,90,245.9
343,69,0
343,70,173.9
343,80,202.7
343,90,230.7
123,69,0
123,70,173.9
123,80,202.7
123,90,230.7
80,69,0
80,70,161
80,80,190.5
80,90,217.3
507,69,0
507,70,241.6
507,80,285.7
507,90,325.9
463,69,0
463,70,230.2
463,80,274.1
463,90,314.7
257,69,0
257,70,431.7
257,80,513.9
257,90,590.1
135,69,0
135,70,347.8
135,80,405.4
135,90,461.4
134,69,0
134,70,347.8
134,80,405.4
134,90,461.3
64,69,0
64,70,201.3
64,80,238.1
64,90,271.6
506,69,0
506,70,563.6
506,80,666.7
506,90,760.6
462,69,0
462,70,489.3
462,80,582.4
462,90,668.8
265,69,0
265,70,575.6
265,80,685.2
265,90,786.8
125,69,0
125,70,608.6
125,80,709.4
125,90,807.4
344,69,0
344,70,695.6
344,80,810.8
344,90,922.7
464,69,0
464,70,719.5
464,80,856.5
464,90,983.5
259,69,0
259,70,719.5
259,80,856.5
259,90,983.5
81,69,0
81,70,644.2
81,80,761.9
81,90,869.2
345,69,0
345,70,869.5
345,80,1013.5
345,90,1153.4
126,69,0
126,70,869.5
126,80,1013.5
126,90,1153.4
69,69,0
69,91,0
69,92,1
68,69,0
68,90,0
68,91,1
68,92,0
65,69,0
65,70,805.2
65,80,952.4
65,90,1086.5
63,69,0
63,70,483.1
63,80,571.4
63,90,651.9
62,69,0
62,70,120.8
62,80,142.9
62,90,163
378,189,0
391,189,0
391,190,0.15
390,189,0
390,190,0.25
381,189,0
381,190,0.21
380,189,0
380,190,0.28
389,189,0
389,190,0.6
379,189,0
379,190,0.51
382,189,0
382,190,1
375,189,0
375,190,1
375,210,1
375,211,0
388,189,0
388,190,52
388,200,55.3
388,210,58.1
388,220,60.4
388,230,62.6
388,240,64.7
388,250,66.7
388,260,69.1
388,280,73.5
388,290,75.5
374,189,0
374,190,31.5
374,200,32.2
374,210,32.7
374,230,33.5
374,240,33.8
374,260,34.6
374,270,35.1
374,290,35.9
387,189,0
387,190,86.7
387,200,92.1
387,210,96.9
387,220,100.8
387,230,104.4
387,250,111.2
387,260,115.2
387,270,118.9
387,280,122.4
387,290,125.8
373,189,0
373,190,72.8
373,200,77.4
373,210,81.4
373,220,84.6
373,230,87.7
373,240,90.6
373,250,93.4
373,260,96.7
373,270,99.9
373,280,102.8
373,290,105.6
371,189,0
371,190,97.1
371,200,103.2
371,210,108.5
371,220,112.8
371,230,116.9
371,240,120.8
371,250,124.6
371,260,129
371,270,133.2
371,280,137.1
371,290,140.8
386,189,0
386,190,208.2
386,200,221
386,210,232.5
386,220,241.8
386,230,250.6
386,250,267
386,260,276.4
386,270,285.4
386,280,293.8
386,290,301.7
377,189,0
377,211,0
377,212,1
376,189,0
376,210,0
376,211,1
376,212,0
372,189,0
372,190,346.9
372,200,368.4
372,210,387.5
372,220,403
372,230,417.6
372,240,431.3
372,250,444.9
372,260,460.7
372,270,475.6
372,280,489.7
372,290,503
370,189,0
370,190,177
370,200,187.8
370,210,197.6
370,220,205.6
370,230,213
370,240,219.9
370,250,226.9
370,260,235
370,270,242.5
370,280,249.8
370,290,256.6
40,99,0
219,99,0
219,100,0.1
168,99,0
168,100,0.1
218,99,0
218,100,0.2
167,99,0
167,100,0.2
159,99,0
159,100,0.18
220,99,0
220,100,0.7
209,99,0
209,100,0.61
208,99,0
208,100,0.39
43,99,0
43,100,0.2
160,99,0
160,100,0.82
42,99,0
42,100,0.7
41,99,0
41,100,0.1
207,99,0
207,100,26.9
207,110,28
207,120,29
207,130,29.8
207,140,30.3
207,150,31
207,160,31.6
207,170,32.3
207,190,33.3
207,200,33.7
207,220,34.7
207,230,35.1
207,240,35.4
207,250,35.8
207,290,37
156,99,0
156,100,27.2
156,110,28.3
156,120,29.3
156,130,30
156,140,30.6
156,160,32
156,170,32.6
156,190,33.6
156,200,34
156,220,35
156,240,35.8
156,250,36.1
156,260,36.5
156,280,37.1
156,290,37.3
44,99,0
44,100,1
37,99,0
37,100,1
37,120,1
37,121,0
216,99,0
216,100,29.8
216,110,33.9
216,120,37.5
216,130,40.6
216,140,43.3
216,160,48.5
216,170,50.9
216,180,52.9
216,190,54.7
216,200,56.2
216,210,57.8
216,230,60.4
216,250,62.6
216,270,64.4
216,290,65.8
165,99,0
165,100,31.8
165,110,36
165,120,39.7
165,130,42.9
165,140,45.7
165,150,48.6
165,160,51.2
165,170,53.6
165,180,55.7
165,190,57.5
165,200,59.2
165,220,62.2
165,230,63.5
165,240,64.7
165,260,66.7
165,270,67.6
165,280,68.4
165,290,69
215,99,0
215,100,59.7
215,110,67.8
215,120,75
215,130,81.2
215,140,86.6
215,150,91.9
215,160,97
215,170,101.7
215,180,105.8
215,190,109.3
215,200,112.5
215,210,115.5
215,220,118.3
215,230,120.8
215,240,123.1
215,250,125.2
215,260,127.1
215,280,130.3
215,290,131.5
164,99,0
164,100,63.6
164,110,72
164,120,79.4
164,130,85.7
164,150,97.1
164,160,102.5
164,170,107.2
164,180,111.3
164,190,114.9
164,200,118.3
164,210,121.5
164,220,124.3
164,230,127
164,240,129.4
164,250,131.5
164,260,133.4
164,270,135.2
164,280,136.7
164,290,138.1
153,99,0
153,100,57.3
153,110,64.8
153,120,71.5
153,130,77.2
153,150,87.4
153,160,92.2
153,170,96.5
153,180,100.2
153,190,103.4
153,200,106.5
153,210,109.3
153,220,111.9
153,230,114.3
153,240,116.4
153,250,118.3
153,260,120.1
153,270,121.7
153,290,124.3
36,99,0
36,100,29.7
36,140,34.1
204,99,0
204,100,116.4
204,110,132.1
204,120,146.2
204,130,158.3
204,140,168.9
204,150,179.1
204,160,189.2
204,170,198.3
204,180,206.3
204,190,213.1
204,200,219.4
204,210,225.2
204,220,230.6
204,230,235.5
204,240,240
204,250,244.1
204,260,247.8
204,270,251
204,280,254
204,290,256.5
217,99,0
217,100,208.9
217,110,237.1
217,120,262.4
217,130,284.1
217,140,303.1
217,150,321.5
217,160,339.7
217,170,355.9
217,180,370.2
217,190,382.5
217,200,393.8
217,210,404.2
217,220,413.9
217,230,422.7
217,240,430.8
217,250,438.2
217,260,444.7
217,270,450.5
217,280,455.9
217,290,460.4
205,99,0
205,100,182
205,110,206.7
205,120,228.7
205,130,247.6
205,140,264.1
205,150,280.2
205,160,296
205,170,310.2
205,180,322.6
205,190,333.4
205,200,343.1
205,210,352.3
205,220,360.7
205,230,368.4
205,240,375.4
205,250,381.9
205,260,387.5
205,270,392.6
205,280,397.3
205,290,401.2
166,99,0
166,100,222.7
166,110,252
166,120,278.1
166,130,300.1
166,140,320
166,150,339.8
166,160,358.6
166,170,375.2
166,180,389.5
166,190,402.3
166,200,414.1
166,210,425.2
166,220,435.2
166,230,444.3
166,240,452.7
166,250,460.1
166,260,466.9
166,270,473.2
166,280,478.4
166,290,483.2
206,99,0
206,100,298.4
206,110,338.8
206,120,374.9
206,130,405.9
206,140,433
206,150,459.3
206,160,485.2
206,170,508.5
206,180,528.9
206,190,546.5
206,200,562.5
206,210,577.5
206,220,591.3
206,230,603.9
206,240,615.4
206,250,626
206,260,635.3
206,270,643.6
206,280,651.3
206,290,657.7
155,99,0
155,100,318.1
155,110,360
155,120,397.2
155,130,428.7
155,150,485.5
155,160,512.3
155,170,536
155,180,556.5
155,190,574.7
155,200,591.6
155,210,607.4
155,220,621.7
155,230,634.8
155,240,646.8
155,250,657.3
155,260,667
155,270,676
155,280,683.5
155,290,690.3
154,99,0
154,100,260.8
154,110,295.2
154,120,325.7
154,130,351.5
154,150,398.1
154,160,420.1
154,170,439.5
154,180,456.3
154,190,471.3
154,200,485.1
154,210,498.1
154,220,509.8
154,230,520.5
154,240,530.4
154,250,539
154,260,546.9
154,270,554.3
154,280,560.5
154,290,566
34,99,0
34,100,128.4
34,110,142.6
34,120,155.9
34,130,168.1
34,140,179
158,99,0
158,200,0
158,201,1
39,99,0
39,140,0
39,141,1
157,99,0
157,120,0
157,121,1
157,200,1
157,201,0
38,99,0
38,120,0
38,121,1
38,140,1
38,141,0
35,99,0
35,100,641.9
35,110,713
35,120,779.7
35,130,840.6
35,140,895.2
33,99,0
33,100,449.3
33,110,499.1
33,120,545.8
33,130,588.4
33,140,626.7
32,99,0
32,100,64.2
32,110,71.3
32,120,78
32,130,84.1
32,140,89.5
16,0,1
23,0,1
23,5,1
23,6,0
2,0,1
7,0,1
7,5,1
7,6,0
436,0,0
213,0,0
213,20,0
213,30,0.1
213,40,2.2
213,50,6.5
213,60,11.3
213,70,16.3
213,80,21.1
213,90,25.4
213,100,29.8
213,110,33.9
213,120,37.5
213,130,40.6
213,140,43.3
213,160,48.5
213,170,50.9
213,180,52.9
213,190,54.7
213,200,56.2
213,210,57.8
213,230,60.4
213,250,62.6
213,270,64.4
213,290,65.8
212,0,0
212,20,0
212,30,0.2
212,40,4.4
212,50,13
212,60,22.6
212,70,32.5
212,80,42.2
212,90,50.8
212,100,59.7
212,110,67.8
212,120,75
212,130,81.2
212,140,86.6
212,150,91.9
212,160,97
212,170,101.7
212,180,105.8
212,190,109.3
212,200,112.5
212,210,115.5
212,220,118.3
212,230,120.8
212,240,123.1
212,250,125.2
212,260,127.1
212,280,130.3
212,290,131.5
162,0,0
162,20,0
162,30,0.1
162,40,2.6
162,50,7.2
162,60,12.3
162,70,17.5
162,80,22.6
162,100,31.8
162,110,36
162,120,39.7
162,130,42.9
162,140,45.7
162,150,48.6
162,160,51.2
162,170,53.6
162,180,55.7
162,190,57.5
162,200,59.2
162,220,62.2
162,230,63.5
162,240,64.7
162,260,66.7
162,270,67.6
162,280,68.4
162,290,69
150,0,0
150,20,0
150,30,0.2
150,40,4.6
150,50,13
150,60,22.1
150,70,31.6
150,80,40.7
150,90,48.9
150,100,57.3
150,110,64.8
150,120,71.5
150,130,77.2
150,150,87.4
150,160,92.2
150,170,96.5
150,180,100.2
150,190,103.4
150,200,106.5
150,210,109.3
150,220,111.9
150,230,114.3
150,240,116.4
150,250,118.3
150,260,120.1
150,270,121.7
150,290,124.3
214,0,0
214,20,0
214,30,0.6
214,40,15.4
214,50,45.4
214,60,78.9
214,70,113.8
214,80,147.8
214,90,178
214,100,208.9
214,110,237.1
214,120,262.4
214,130,284.1
214,140,303.1
214,150,321.5
214,160,339.7
214,170,355.9
214,180,370.2
214,190,382.5
214,200,393.8
214,210,404.2
214,220,413.9
214,230,422.7
214,240,430.8
214,250,438.2
214,260,444.7
214,270,450.5
214,280,455.9
214,290,460.4
202,0,0
202,20,0
202,30,0.5
202,40,13.4
202,50,39.6
202,60,68.8
202,70,99.2
202,80,128.8
202,90,155.1
202,100,182
202,110,206.7
202,120,228.7
202,130,247.6
202,140,264.1
202,150,280.2
202,160,296
202,170,310.2
202,180,322.6
202,190,333.4
202,200,343.1
202,210,352.3
202,220,360.7
202,230,368.4
202,240,375.4
202,250,381.9
202,260,387.5
202,270,392.6
202,280,397.3
202,290,401.2
201,0,0
201,20,0
201,30,0.4
201,40,8.6
201,50,25.3
201,60,44
201,70,63.4
201,80,82.3
201,90,99.1
201,100,116.4
201,110,132.1
201,120,146.2
201,130,158.3
201,140,168.9
201,150,179.1
201,160,189.2
201,170,198.3
201,180,206.3
201,190,213.1
201,200,219.4
201,210,225.2
201,220,230.6
201,230,235.5
201,240,240
201,250,244.1
201,260,247.8
201,270,251
201,280,254
201,290,256.5
203,0,0
203,20,0
203,30,0.9
203,40,22
203,50,64.9
203,60,112.8
203,70,162.6
203,80,211.1
203,90,254.2
203,100,298.4
203,110,338.8
203,120,374.9
203,130,405.9
203,140,433
203,150,459.3
203,160,485.2
203,170,508.5
203,180,528.9
203,190,546.5
203,200,562.5
203,210,577.5
203,220,591.3
203,230,603.9
203,240,615.4
203,250,626
203,260,635.3
203,270,643.6
203,280,651.3
203,290,657.7
163,0,0
163,20,0
163,30,0.9
163,40,18
163,50,50.5
163,60,86
163,70,122.8
163,80,158.4
163,90,190.1
163,100,222.7
163,110,252
163,120,278.1
163,130,300.1
163,140,320
163,150,339.8
163,160,358.6
163,170,375.2
163,180,389.5
163,190,402.3
163,200,414.1
163,210,425.2
163,220,435.2
163,230,444.3
163,240,452.7
163,250,460.1
163,260,466.9
163,270,473.2
163,280,478.4
163,290,483.2
161,0,0
161,20,0
161,30,0.3
161,40,5.1
161,50,14.4
161,60,24.6
161,70,35.1
161,80,45.2
161,90,54.3
161,100,63.6
161,110,72
161,120,79.4
161,130,85.7
161,150,97.1
161,160,102.5
161,170,107.2
161,180,111.3
161,190,114.9
161,200,118.3
161,210,121.5
161,220,124.3
161,230,127
161,240,129.4
161,250,131.5
161,260,133.4
161,270,135.2
161,280,136.7
161,290,138.1
152,0,0
152,20,0
152,30,1.3
152,40,25.7
152,50,72.1
152,60,122.9
152,70,175.4
152,80,226.2
152,90,271.6
152,100,318.1
152,110,360
152,120,397.2
152,130,428.7
152,150,485.5
152,160,512.3
152,170,536
152,180,556.5
152,190,574.7
152,200,591.6
152,210,607.4
152,220,621.7
152,230,634.8
152,240,646.8
152,250,657.3
152,260,667
152,270,676
152,280,683.5
152,290,690.3
151,0,0
151,20,0
151,30,1.1
151,40,21.1
151,50,59.1
151,60,100.8
151,70,143.8
151,80,185.5
151,90,222.7
151,100,260.8
151,110,295.2
151,120,325.7
151,130,351.5
151,150,398.1
151,160,420.1
151,170,439.5
151,180,456.3
151,190,471.3
151,200,485.1
151,210,498.1
151,220,509.8
151,230,520.5
151,240,530.4
151,250,539
151,260,546.9
151,270,554.3
151,280,560.5
151,290,566
143,0,0
143,20,0
143,30,0.3
143,40,1.7
143,50,5.4
143,60,12.1
143,70,21.5
143,80,32.4
143,90,43.6
143,100,54.5
143,110,64.8
143,120,74.1
143,130,82.2
143,140,89
143,150,94.6
143,160,98.9
143,170,101.9
143,180,103.9
143,190,104.9
143,200,104.9
143,210,104.1
143,220,102.6
143,230,100.6
143,240,98
143,250,95.9
143,260,95.3
143,270,96.2
143,280,95.5
143,290,94.9
143,299,94.3
200,0,0
200,20,0
200,30,2.6
200,40,10.8
200,50,16.4
200,60,19.9
200,70,22.4
200,80,24.3
200,100,26.9
200,110,28
200,120,29
200,130,29.8
200,140,30.3
200,150,31
200,160,31.6
200,170,32.3
200,190,33.3
200,200,33.7
200,220,34.7
200,230,35.1
200,240,35.4
200,250,35.8
200,290,37
326,0,0
326,20,0
326,30,4.4
326,40,17.8
326,50,33.6
326,60,49.7
326,70,64.7
326,80,79.4
326,90,92.2
326,100,103.4
326,110,113.8
326,120,123.6
326,130,132.4
326,140,140.3
326,150,147.4
326,160,154.1
326,170,160.1
326,180,165.6
326,190,170.8
326,200,175.2
326,210,179.3
326,220,183
147,0,0
147,20,0
147,30,3
147,40,11.3
147,50,16.9
147,60,20.3
147,70,22.7
147,80,24.5
147,90,25.9
147,100,27.2
147,110,28.3
147,120,29.3
147,130,30
147,140,30.6
147,160,32
147,170,32.6
147,190,33.6
147,200,34
147,220,35
147,240,35.8
147,250,36.1
147,260,36.5
147,280,37.1
147,290,37.3
96,0,0
96,20,0
96,30,2.3
96,40,9.3
96,50,17.7
96,60,26.2
96,70,34.1
96,80,41.8
96,90,48.5
96,100,54.4
96,110,59.9
96,120,65
96,130,69.7
96,140,73.8
96,150,77.6
96,160,81.1
96,170,84.3
96,180,87.2
96,190,89.9
96,200,92.2
96,210,94.4
96,220,96.3
95,0,0
95,20,0
95,30,4.6
95,40,18.7
95,50,35.3
95,60,52.3
95,70,68.1
95,80,83.6
95,90,97.1
95,100,108.8
95,110,119.8
95,120,130.1
95,130,139.4
95,140,147.7
95,150,155.2
95,160,162.2
95,170,168.6
95,180,174.3
95,190,179.7
95,200,184.5
95,210,188.8
95,220,192.6
328,0,0
328,10,0
328,20,0.1
328,30,23
328,40,93.5
328,50,176.6
328,60,261.7
328,70,340.5
328,80,417.8
328,90,485.4
328,100,544
328,110,598.8
328,120,650.3
328,130,696.8
328,140,738.4
328,150,776
328,160,811.2
328,170,842.8
328,180,871.7
328,190,898.7
328,200,922.3
328,210,943.8
328,220,963.2
327,0,0
327,10,0
327,20,0.1
327,30,18.6
327,40,75.7
327,50,143
327,60,212
327,70,275.8
327,80,338.4
327,90,393.2
327,100,440.6
327,110,485
327,120,526.7
327,130,564.4
327,140,598.1
327,150,628.6
327,160,657.1
327,170,682.7
327,180,706.1
327,190,727.9
327,200,747.1
327,210,764.5
327,220,780.2
145,0,0
145,10,0
145,20,0.1
145,30,1.5
145,40,9.3
145,50,30
145,60,67.2
145,70,119.2
145,80,179.7
145,90,242.1
145,100,303
145,110,360
145,120,411.5
145,130,456.5
145,140,494.5
145,150,525.3
145,160,549.2
145,170,566.4
145,180,577.3
145,190,582.6
145,200,582.8
145,210,578.4
145,220,570.2
145,230,558.6
145,240,544.3
145,250,532.8
145,260,529.4
145,270,534.4
145,290,527
145,299,523.6
144,0,0
144,10,0
144,20,0.1
144,30,1.2
144,40,7.6
144,50,24.6
144,60,55.1
144,70,97.7
144,80,147.3
144,90,198.5
144,100,248.5
144,110,295.2
144,120,337.4
144,130,374.3
144,140,405.5
144,150,430.7
144,160,450.3
144,170,464.5
144,180,473.4
144,190,477.7
144,200,477.9
144,210,474.3
144,220,467.6
144,230,458
144,240,446.3
144,250,436.9
144,260,434.1
144,270,438.2
144,280,435.2
144,290,432.1
144,299,429.3
410,0,0
410,10,0
410,20,0.1
410,30,5.7
410,40,14.7
410,50,24.5
410,60,33.9
410,70,42.7
410,80,50.4
410,90,57.5
410,100,64.2
410,110,70.2
410,120,75.7
410,130,80.9
410,140,85.6
230,0,0
230,10,0
230,20,0.1
230,30,6.8
230,40,17.6
230,50,29.3
230,60,40.6
230,70,51.2
230,80,60.4
230,90,68.8
230,100,76.9
230,110,84
230,120,90.7
230,130,96.8
230,140,102.5
174,0,0
174,10,0
174,20,0.1
174,30,0.9
174,40,3.6
174,50,8.9
174,60,17
174,70,26.9
174,80,37.9
174,90,49.4
174,100,60.8
174,110,71.6
174,120,81.7
174,130,90.8
174,140,98.8
174,150,105.5
174,160,111
174,170,115.2
174,180,118.3
174,190,120.3
174,200,120.7
174,210,119.9
174,220,118.7
174,280,115.7
174,290,115.1
174,299,114.7
98,0,0
98,10,0
98,20,0.1
98,30,23
98,40,93.5
98,50,176.6
98,60,261.7
98,70,340.5
98,80,417.8
98,90,485.4
98,100,544
98,110,598.8
98,120,650.3
98,130,696.8
98,140,738.4
98,150,776
98,160,811.2
98,170,842.8
98,180,871.7
98,190,898.7
98,200,922.3
98,210,943.8
98,220,963.2
97,0,0
97,10,0
97,20,0.1
97,30,16.1
97,40,65.5
97,50,123.6
97,60,183.2
97,70,238.3
97,80,292.4
97,90,339.8
97,100,380.8
97,110,419.1
97,120,455.2
97,130,487.7
97,140,516.9
97,150,543.2
97,160,567.9
97,170,589.9
97,180,610.2
97,190,629.1
97,200,645.6
97,210,660.6
97,220,674.3
307,0,0
307,10,0
307,20,0.3
307,30,15.5
307,40,40.4
307,50,67.5
307,60,93.4
307,70,117.7
307,80,138.9
307,90,158.3
307,100,176.8
307,110,193.3
307,120,208.6
307,130,222.7
307,140,235.7
229,0,0
229,10,0
229,20,0.3
229,30,13.5
229,40,35.1
229,50,58.7
229,60,81.2
229,70,102.4
229,80,120.8
229,90,137.7
229,100,153.8
229,110,168.1
229,120,181.4
229,130,193.6
229,140,205
179,0,0
179,10,0
179,20,0.3
179,30,5.9
179,40,15.3
179,50,25.7
179,60,36.7
179,70,47.4
179,90,66.6
179,100,75.4
179,110,83.4
179,120,90.9
179,130,97.8
179,140,104.1
179,150,109.8
179,160,115
322,0,0
322,10,0
322,20,0.4
322,30,2.6
322,40,8.1
322,50,17.1
322,60,29.2
322,70,42.8
322,80,56.9
322,90,70.7
322,100,83.8
322,110,95.8
322,120,106.5
322,130,115.7
322,140,123.4
322,150,129.6
322,160,134.3
322,170,137.7
322,180,139.7
322,190,140.6
322,200,140.2
322,210,139.3
322,240,137.5
322,250,136.8
322,280,135
322,290,134.3
322,299,133.8
175,0,0
175,10,0
175,20,0.4
175,30,3.8
175,40,14.5
175,50,35.8
175,60,67.9
175,70,107.7
175,80,151.8
175,90,197.6
175,100,243
175,110,286.7
175,120,327.1
175,130,363.4
175,140,395.2
175,150,422
175,160,444
175,170,461
175,180,473.2
175,190,481
175,200,482.7
175,210,479.4
175,220,474.9
175,230,472.9
175,240,470.7
175,250,468.7
175,260,466.6
175,270,464.6
175,280,462.5
175,290,460.6
175,299,458.7
418,0,0
418,10,0
418,20,0.2
418,30,1.9
418,40,7.2
418,50,17.9
418,60,34
418,70,53.9
418,80,75.9
418,90,98.8
418,100,121.5
418,110,143.3
418,120,163.5
418,130,181.7
418,140,197.6
418,150,211
418,160,222
418,170,230.5
418,180,236.6
418,190,240.5
418,200,241.4
418,210,239.7
418,220,237.4
418,260,233.4
418,270,232.3
418,299,229.4
409,0,0
409,10,0
409,20,0.2
409,30,11.3
409,40,29.3
409,50,49
409,60,67.8
409,70,85.5
409,80,100.8
409,90,115
409,100,128.4
409,110,140.4
409,120,151.5
409,130,161.7
409,140,171.2
400,0,0
400,10,0
400,20,0.2
400,30,8.5
400,40,22
400,50,36.8
400,60,50.9
400,70,64.1
400,80,75.6
400,90,86.2
400,100,96.3
400,110,105.3
400,120,113.6
400,130,121.3
400,140,128.4
176,0,0
176,10,0
176,20,0.2
176,30,1.6
176,40,6
176,50,14.9
176,60,28.3
176,70,44.9
176,80,63.2
176,90,82.3
176,100,101.3
176,110,119.4
176,120,136.2
176,130,151.4
176,140,164.6
176,150,175.9
176,160,185
176,170,192.1
176,180,197.2
176,190,200.4
176,200,201.2
176,210,199.8
176,220,197.9
176,230,197
176,240,196.2
176,250,195.3
176,260,194.5
176,270,193.6
176,280,192.8
176,290,191.9
176,299,191.1
91,0,0
91,10,0
91,20,0.2
91,30,1.4
91,40,4.2
91,50,9
91,60,15.4
91,70,22.5
91,80,29.9
91,90,37.2
91,100,44.1
91,110,50.4
91,120,56
91,130,60.9
91,140,64.9
91,150,68.2
91,160,70.7
91,170,72.5
91,180,73.5
91,190,74
91,200,73.8
91,210,73.3
91,230,72.7
91,240,72.3
91,270,71.4
91,280,71
91,290,70.7
91,299,70.4
281,0,0
281,10,0
281,20,0.6
281,30,9.9
281,40,23.7
281,60,52.1
281,70,64.4
281,80,75.6
281,90,86.2
281,100,95.9
281,110,104.8
281,120,113.2
281,130,120.7
432,0,0
432,10,0
432,20,0.7
432,30,2.9
432,40,7.5
432,50,14.2
432,60,22.1
432,70,30.2
432,80,38
432,90,45.2
432,100,51.4
432,110,56.6
432,120,60.8
432,130,63.9
432,140,66
432,150,67.1
432,160,67.5
432,170,67.1
432,180,66.1
432,190,64.6
432,200,63
432,210,61.9
432,220,61.6
432,299,53.7
411,0,0
411,10,0
411,20,0.8
411,30,39.5
411,40,102.7
411,50,171.5
411,60,237.5
411,70,299.2
411,80,353
411,90,402.4
411,100,449.6
411,110,491.2
411,120,530.2
411,130,565.9
411,140,599.1
419,0,0
419,10,0
419,20,0.7
419,30,6.3
419,40,24.1
419,50,59.6
419,60,113.2
419,70,179.5
419,80,252.9
419,90,329.3
419,100,405.1
419,110,477.7
419,120,545
419,130,605.6
419,140,658.6
419,150,703.4
419,160,740
419,170,768.3
419,180,788.7
419,190,801.7
419,200,804.6
419,210,799.1
419,220,791.5
419,230,788.1
419,240,784.6
419,290,767.6
419,299,764.5
274,0,0
274,10,0
274,20,0.7
274,30,3.4
274,40,9.2
274,50,18.1
274,60,29.4
274,70,41.6
274,80,54.1
274,90,66.3
274,100,77.7
274,110,88.1
274,120,97.3
274,130,105.1
274,140,111.6
274,150,116.8
274,160,120.6
274,170,123.2
274,180,124.6
274,190,125
274,200,124.4
274,210,123.3
274,240,120.9
274,250,120
274,270,118.4
274,280,117.5
274,290,116.7
274,299,115.9
177,0,0
177,10,0
177,20,0.7
177,30,6.3
177,40,24.1
177,50,59.6
177,60,113.2
177,70,179.5
177,80,252.9
177,90,329.3
177,100,405.1
177,110,477.7
177,120,545
177,130,605.6
177,140,658.6
177,150,703.4
177,160,740
177,170,768.3
177,180,788.7
177,190,801.7
177,200,804.6
177,210,799.1
177,220,791.5
177,230,788.1
177,240,784.6
177,290,767.6
177,299,764.5
469,0,0
469,10,0
469,20,0.5
469,30,2.6
469,40,7.1
469,50,13.9
469,60,22.6
469,70,32
469,80,41.6
469,90,51
469,100,59.8
469,110,67.8
469,120,74.8
469,130,80.9
469,140,85.9
469,150,89.8
469,160,92.8
469,170,94.8
469,180,95.9
469,190,96.2
469,200,95.7
469,210,94.9
469,220,94.3
469,230,93.6
469,240,93
469,250,92.3
469,260,91.7
469,270,91
469,290,89.8
469,299,89.2
417,0,0
417,10,0
417,20,0.5
417,30,4.4
417,40,16.9
417,50,41.7
417,60,79.2
417,70,125.6
417,80,177
417,90,230.5
417,100,283.6
417,110,334.4
417,120,381.5
417,130,423.9
417,140,461
417,150,492.4
417,160,518
417,170,537.8
417,180,552.1
417,190,561.2
417,200,563.2
417,210,559.4
417,220,554.1
417,230,551.7
417,240,549.2
417,260,544.4
417,270,542.1
417,290,537.3
417,299,535.1
293,0,0
293,10,0
293,20,0.5
293,30,7.7
293,40,18.2
293,50,29.1
293,60,40.1
293,70,49.6
293,80,58.1
293,90,66.3
293,100,73.8
293,110,80.7
293,120,87.1
293,130,92.9
423,0,0
423,10,0
423,20,0.5
423,30,11.7
423,40,30.6
423,50,51.4
423,60,73.4
423,70,94.9
423,80,114
423,90,133.3
423,100,150.8
423,110,166.9
423,120,181.7
423,130,195.7
423,140,208.2
423,150,219.6
423,160,229.9
181,0,0
181,10,0
181,20,0.5
181,30,9.8
181,40,25.5
181,50,42.8
181,60,61.1
181,70,79.1
181,80,95
181,90,111
181,100,125.7
181,110,139.1
181,120,151.4
181,130,163.1
181,140,173.5
181,150,183
181,160,191.6
90,0,0
90,10,0
90,20,0.5
90,30,2.8
90,40,8.5
90,50,18
90,60,30.7
90,70,45.1
90,80,59.9
90,90,74.4
90,100,88.2
90,110,100.8
90,120,112.1
90,130,121.8
90,140,129.9
90,150,136.4
90,160,141.4
90,170,144.9
90,180,147.1
90,190,148
90,200,147.6
90,210,146.6
90,230,145.4
90,250,144
90,260,143.4
90,270,142.7
90,280,142.1
90,290,141.4
90,299,140.8
325,0,0
325,10,0
325,20,0.9
325,30,10.2
325,40,17.6
325,50,21.7
325,60,24.5
325,70,26.5
325,80,28.3
325,90,29.7
325,100,30.7
325,120,32.9
325,130,33.9
325,150,35.7
325,160,36.5
325,200,39.3
325,210,39.9
325,220,40.4
292,0,0
292,10,0
292,20,0.9
292,30,15.3
292,40,36.5
292,50,58.2
292,60,80.1
292,70,99.1
292,80,116.2
292,90,132.7
292,100,147.6
292,110,161.3
292,120,174.1
292,130,185.7
231,0,0
231,10,0
231,20,0.9
231,30,47.3
231,40,123
231,50,205.3
231,60,284.4
231,70,358.2
231,80,422.6
231,90,481.8
231,100,538.2
231,110,588.3
231,120,634.8
231,130,677.7
231,140,717.4
138,0,0
138,10,0
138,20,0.9
138,30,4.2
138,40,9.1
138,50,14.6
138,60,19.9
138,70,24.6
138,80,28.2
138,90,30.9
138,100,32.8
138,110,34.1
138,120,34.9
138,130,35.3
138,140,35.4
138,150,35.3
138,160,34.9
138,170,34.4
138,190,33
138,200,32.2
138,210,31.3
138,220,30.3
138,230,29.4
138,240,28.4
138,250,27.5
138,260,26.9
138,270,26.5
138,280,25.9
138,290,25.4
138,299,24.9
308,0,0
308,10,0
308,20,1
308,30,52.1
308,40,135.3
308,50,225.8
308,60,312.8
308,70,394.1
308,80,464.9
308,90,530
308,100,592.1
308,110,647.1
308,120,698.3
308,130,745.4
308,140,789.2
402,0,0
402,10,0
402,20,1.1
402,30,56.5
402,40,146.7
402,50,245
402,60,339.2
402,70,427.4
402,80,504.2
402,90,574.9
402,100,642.2
402,110,701.8
402,120,757.4
402,130,808.5
402,140,855.9
424,0,0
424,10,0
424,20,1.8
424,30,39.1
424,40,101.9
424,50,171.2
424,60,244.6
424,70,316.3
424,80,379.9
424,90,444.2
424,100,502.6
424,110,556.2
424,120,605.8
424,130,652.3
424,140,694.1
424,150,732
424,160,766.4
422,0,0
422,10,0
422,20,1.3
422,30,27.4
422,40,71.3
422,50,119.8
422,60,171.2
422,70,221.4
422,80,265.9
422,90,310.9
422,100,351.8
422,110,389.3
422,120,424.1
422,130,456.6
422,140,485.9
422,150,512.4
422,160,536.5
309,0,0
309,10,0
309,20,1.3
309,30,67.6
309,40,175.7
309,50,293.3
309,60,406.2
309,70,511.8
309,80,603.8
309,90,688.3
309,100,768.9
309,110,840.4
309,120,906.9
309,130,968.1
309,140,1024.9
232,0,0
232,10,0
232,20,1.3
232,30,67.6
232,40,175.7
232,50,293.3
232,60,406.2
232,70,511.8
232,80,603.8
232,90,688.3
232,100,768.9
232,110,840.4
232,120,906.9
232,130,968.1
232,140,1024.9
489,0,0
489,10,0
489,20,2.1
489,30,15.6
489,50,49.2
489,60,64.4
489,70,78.4
489,80,91.8
489,90,104.1
489,100,116
305,0,0
305,10,0
305,20,2.7
305,30,15.2
305,40,21.1
305,50,24.7
305,60,27.3
305,70,29.3
305,80,30.9
305,110,35.4
305,120,36.7
305,140,39.1
398,0,0
398,10,0
398,20,2.7
398,30,15.2
398,40,21.1
398,50,24.7
398,60,27.3
398,70,29.3
398,80,30.9
398,90,32.4
398,100,34
398,110,35.4
398,120,36.7
398,140,39.1
228,0,0
228,10,0
228,20,2.7
228,30,15.2
228,40,21.1
228,50,24.7
228,60,27.3
228,70,29.3
228,80,30.9
228,110,35.4
228,120,36.7
228,140,39.1
182,0,0
182,10,0
182,20,1.8
182,30,39.1
182,40,101.9
182,50,171.2
182,60,244.6
182,70,316.3
182,80,379.9
182,90,444.2
182,100,502.6
182,110,556.2
182,120,605.8
182,130,652.3
182,140,694.1
182,150,732
182,160,766.4
180,0,0
180,10,0
180,20,1
180,30,23.4
180,40,61.1
180,50,102.7
180,60,146.8
180,70,189.8
180,80,227.9
180,90,266.6
180,100,301.5
180,110,333.7
180,120,363.5
180,130,391.4
180,140,416.5
180,150,439.2
180,160,459.8
401,0,0
401,10,0
401,20,0.9
401,30,48
401,40,124.7
401,50,208.2
401,60,288.3
401,70,363.3
401,80,428.6
401,90,488.7
401,100,545.9
401,110,596.5
401,120,643.8
401,130,687.2
401,140,727.5
94,0,0
94,10,0
94,20,0.9
94,30,10.2
94,40,17.6
94,50,21.7
94,60,24.5
94,70,26.5
94,80,28.3
94,90,29.7
94,100,30.7
94,120,32.9
94,130,33.9
94,150,35.7
94,160,36.5
94,200,39.3
94,210,39.9
94,220,40.4
30,0,0
30,10,0
30,20,0.8
30,30,10.8
30,40,26.3
30,50,43.6
30,60,62.2
30,70,79.8
30,80,96.8
30,90,113.1
30,100,128.4
30,110,142.6
30,120,155.9
30,130,168.1
30,140,179
294,0,0
294,10,0
294,20,3.1
294,30,53.5
294,40,127.8
294,50,203.9
294,60,280.3
294,70,346.8
294,80,406.9
294,90,464.4
294,100,516.5
294,110,564.5
294,120,609.5
294,130,650
420,0,0
420,10,0
420,20,3.5
420,30,13
420,40,18.1
420,50,21.3
420,60,23.8
420,70,25.7
420,80,27.1
420,90,28.6
420,100,29.8
420,110,30.9
420,120,31.9
420,140,33.7
420,150,34.7
420,160,35.5
178,0,0
178,10,0
178,20,3.5
178,30,13
178,40,18.1
178,50,21.3
178,60,23.8
178,70,25.7
178,80,27.1
178,90,28.6
178,100,29.8
178,110,30.9
178,120,31.9
178,140,33.7
178,150,34.7
178,160,35.5
282,0,0
282,10,0
282,20,3.9
282,30,66.6
282,40,158.8
282,50,253.3
282,60,348.4
282,70,431.1
282,80,505.6
282,90,577.2
282,100,642
282,110,701.7
282,120,757.5
282,130,807.9
120,0,0
120,10,0
120,20,3.6
120,30,19.2
120,40,37.1
120,50,55.4
120,60,71.3
120,70,87
120,80,101.4
120,90,115.3
488,0,0
488,10,0
488,20,4.2
488,30,31.2
488,40,64.7
488,50,98.4
488,60,128.9
488,70,156.7
488,80,183.6
488,90,208.2
488,100,232
283,0,0
283,10,0
283,20,4.5
283,30,76.5
283,40,182.5
283,50,291.2
283,60,400.5
283,70,495.5
283,80,581.2
283,90,663.4
283,100,737.9
283,110,806.5
283,120,870.7
283,130,928.6
31,0,0
31,10,0
31,20,4
31,30,53.9
31,40,131.7
31,50,218.2
31,60,310.8
31,70,399
31,80,484.2
31,90,565.7
31,100,641.9
31,110,713
31,120,779.7
31,130,840.6
31,140,895.2
29,0,0
29,10,0
29,20,2.8
29,30,37.7
29,40,92.2
29,50,152.8
29,60,217.5
29,70,279.3
29,80,339
29,90,396
29,100,449.3
29,110,499.1
29,120,545.8
29,130,588.4
29,140,626.7
28,0,0
28,10,0
28,20,0.4
28,30,5.4
28,40,13.2
28,50,21.8
28,60,31.1
28,70,39.9
28,80,48.4
28,90,56.6
28,100,64.2
28,110,71.3
28,120,78
28,130,84.1
28,140,89.5
480,0,0
480,10,0
480,20,4.9
480,30,35.9
480,40,74.4
480,50,113.1
480,60,148.2
480,70,180.3
480,80,211.1
480,90,239.5
480,100,266.8
278,0,0
278,10,0
278,20,5.1
278,30,16.7
278,40,22.3
278,50,25.6
278,60,28.3
278,70,30.2
278,100,35.3
278,120,38.3
278,130,39.7
252,0,0
252,10,0
252,20,4.7
252,30,21.4
252,40,42.2
252,50,64.4
252,60,86.7
252,70,107.9
252,80,128.5
252,90,147.5
262,0,0
262,10,0
262,20,6.2
262,30,28.6
262,40,56.3
262,50,85.8
262,60,115.5
262,70,143.9
262,80,171.3
262,90,196.7
254,0,0
254,10,0
254,20,7.8
254,30,35.8
254,40,70.3
254,50,107.3
254,60,144.4
254,70,179.9
254,80,214.1
254,90,245.9
340,0,0
340,10,0
340,20,7.2
340,30,38.4
340,40,74.2
340,50,110.7
340,60,142.6
340,70,173.9
340,80,202.7
340,90,230.7
119,0,0
119,10,0
119,20,7.2
119,30,38.4
119,40,74.2
119,50,110.7
119,60,142.6
119,70,173.9
119,80,202.7
119,90,230.7
478,0,0
478,10,0
478,20,9.2
478,30,19.8
478,40,24.8
478,50,28.1
478,60,30.6
478,70,32.8
478,80,35.1
478,90,37.2
478,100,39.4
78,0,0
78,10,0
78,20,7.9
78,30,32.7
78,40,64.1
78,50,96.8
78,60,129.6
78,70,161
78,80,190.5
78,90,217.3
460,0,0
460,10,0
460,20,10
460,30,45.8
460,40,90
460,50,137.3
460,60,184.9
460,70,230.2
460,80,274.1
460,90,314.7
457,0,0
457,10,0
457,20,11.1
457,30,18.9
457,40,23.2
457,50,26.3
457,60,28.9
457,70,31.1
457,80,33.2
457,90,35.4
251,0,0
251,10,0
251,20,11.1
251,30,18.9
251,40,23.2
251,50,26.3
251,60,28.9
251,70,31.1
251,80,33.2
251,90,35.4
505,0,0
505,10,0
505,20,11.9
505,30,49.1
505,40,96.1
505,50,145.1
505,60,194.4
505,70,241.6
505,80,285.7
505,90,325.9
339,0,0
339,10,0
339,20,11.6
339,30,21.3
339,40,25.9
339,50,29.3
339,60,31.8
339,70,34.5
339,80,37
339,90,39.6
118,0,0
118,10,0
118,20,11.6
118,30,21.3
118,40,25.9
118,50,29.3
118,60,31.8
118,70,34.5
118,80,37
118,90,39.6
60,0,0
60,10,0
60,20,9.9
60,30,40.9
60,40,80.1
60,50,121
60,60,162
60,70,201.3
60,80,238.1
60,90,271.6
58,0,0
58,10,0
58,20,6
58,30,24.5
58,40,48.1
58,50,72.6
58,60,97.2
58,70,120.8
58,80,142.9
58,90,163
490,0,0
490,10,0
490,20,14.8
490,30,109.4
490,40,226.5
490,50,344.3
490,60,451
490,70,548.6
490,80,642.4
490,90,728.8
490,100,811.9
479,0,0
479,10,0
479,20,16.2
479,30,120.3
479,40,249.2
479,50,378.8
479,60,496.1
479,70,603.4
479,80,706.7
479,90,801.6
479,100,893.1
481,0,0
481,10,0
481,20,21.1
481,30,156.2
481,40,323.6
481,50,491.9
481,60,644.3
481,70,783.7
481,80,917.8
481,90,1041.1
481,100,1159.9
459,0,0
459,10,0
459,20,21.1
459,30,97.2
459,40,191.4
459,50,291.9
459,60,392.8
459,70,489.3
459,80,582.4
459,90,668.8
253,0,0
253,10,0
253,20,18.6
253,30,85.8
253,40,168.9
253,50,257.5
253,60,346.6
253,70,431.7
253,80,513.9
253,90,590.1
133,0,0
133,10,0
133,20,14.4
133,30,76.8
133,40,148.4
133,50,221.4
133,60,285.1
133,70,347.8
133,80,405.4
133,90,461.4
132,0,0
132,10,0
132,20,14.4
132,30,76.8
132,40,148.3
132,50,221.4
132,60,285.1
132,70,347.8
132,80,405.4
132,90,461.3
263,0,0
263,10,0
263,20,24.9
263,30,114.4
263,40,225.1
263,50,343.4
263,60,462.2
263,70,575.6
263,80,685.2
263,90,786.8
504,0,0
504,10,0
504,20,27.8
504,30,114.5
504,40,224.3
504,50,338.7
504,60,453.5
504,70,563.6
504,80,666.7
504,90,760.6
341,0,0
341,10,0
341,20,28.8
341,30,153.6
341,40,296.7
341,50,442.8
341,60,570.2
341,70,695.6
341,80,810.8
341,90,922.7
461,0,0
461,10,0
461,20,31.1
461,30,143
461,40,281.4
461,50,429.2
461,60,577.7
461,70,719.5
461,80,856.5
461,90,983.5
255,0,0
255,10,0
255,20,31.1
255,30,143
255,40,281.4
255,50,429.2
255,60,577.7
255,70,719.5
255,80,856.5
255,90,983.5
121,0,0
121,10,0
121,20,25.2
121,30,134.4
121,40,259.6
121,50,387.4
121,60,498.9
121,70,608.6
121,80,709.4
121,90,807.4
342,0,0
342,10,0
342,20,36
342,30,192
342,40,370.9
342,50,553.5
342,60,712.8
342,70,869.5
342,80,1013.5
342,90,1153.4
122,0,0
122,10,0
122,20,36
122,30,192
122,40,370.9
122,50,553.5
122,60,712.8
122,70,869.5
122,80,1013.5
122,90,1153.4
79,0,0
79,10,0
79,20,31.8
79,30,130.9
79,40,256.3
79,50,387
79,60,518.3
79,70,644.2
79,80,761.9
79,90,869.2
61,0,0
61,10,0
61,20,39.7
61,30,163.6
61,40,320.4
61,50,483.8
61,60,647.9
61,70,805.2
61,80,952.4
61,90,1086.5
59,0,0
59,10,0
59,20,23.8
59,30,98.2
59,40,192.2
59,50,290.2
59,60,388.7
59,70,483.1
59,80,571.4
59,90,651.9
503,0,0
503,10,0
503,20,12.1
503,30,19.7
503,40,24.1
503,50,27.2
503,60,29.9
503,70,32.2
503,80,34.7
503,90,37.3
57,0,0
57,10,0
57,20,12.1
57,30,19.7
57,40,24.1
57,50,27.2
57,60,29.9
57,70,32.2
57,80,34.7
57,90,37.3
19,0,0
19,10,0
19,20,4.6
19,30,13.4
19,40,18.1
19,50,21.2
19,60,23.6
19,70,25.4
19,80,27
19,90,28.4
19,100,29.7
19,140,34.1
24,0,0
24,5,0
24,6,1
24,25,1
24,26,0
8,0,0
8,5,0
8,6,1
8,25,1
8,26,0
439,0,0
439,27,0
439,28,1
438,0,0
438,26,0
438,27,1
438,28,0
385,0,0
385,50,0
385,60,1.3
385,70,4.2
385,80,8.1
385,90,12.2
385,100,16.4
385,120,25.6
385,130,29.6
385,140,33.2
385,150,36.9
385,160,41.1
385,170,44.9
385,180,48.6
385,190,52
385,200,55.3
385,210,58.1
385,220,60.4
385,230,62.6
385,240,64.7
385,250,66.7
385,260,69.1
385,280,73.5
385,290,75.5
369,0,0
369,50,0
369,60,1.8
369,70,5.9
369,80,11.4
369,90,17.1
369,100,23
369,110,29.4
369,120,35.9
369,130,41.5
369,140,46.5
369,150,51.7
369,160,57.5
369,170,62.9
369,180,68
369,190,72.8
369,200,77.4
369,210,81.4
369,220,84.6
369,230,87.7
369,240,90.6
369,250,93.4
369,260,96.7
369,270,99.9
369,280,102.8
369,290,105.6
368,0,0
368,40,0
368,50,0.2
368,60,8.5
368,70,28.1
368,80,54.3
368,90,81.4
368,100,109.3
368,110,140
368,120,170.9
368,130,197.6
368,140,221.6
368,150,246.3
368,160,273.8
368,170,299.6
368,180,324
368,190,346.9
368,200,368.4
368,210,387.5
368,220,403
368,230,417.6
368,240,431.3
368,250,444.9
368,260,460.7
368,270,475.6
368,280,489.7
368,290,503
384,0,0
384,40,0
384,50,0.1
384,60,2.1
384,70,7
384,80,13.6
384,90,20.4
384,100,27.3
384,120,42.7
384,130,49.4
384,140,55.4
384,150,61.6
384,160,68.5
384,170,74.9
384,180,81
384,190,86.7
384,200,92.1
384,210,96.9
384,220,100.8
384,230,104.4
384,250,111.2
384,260,115.2
384,270,118.9
384,280,122.4
384,290,125.8
367,0,0
367,40,0
367,50,0.1
367,60,2.4
367,70,7.9
367,80,15.2
367,90,22.8
367,100,30.6
367,110,39.2
367,120,47.9
367,130,55.3
367,140,62
367,150,69
367,160,76.7
367,170,83.9
367,180,90.7
367,190,97.1
367,200,103.2
367,210,108.5
367,220,112.8
367,230,116.9
367,240,120.8
367,250,124.6
367,260,129
367,270,133.2
367,280,137.1
367,290,140.8
383,0,0
383,40,0
383,50,0.1
383,60,5.1
383,70,16.9
383,80,32.6
383,90,48.8
383,100,65.6
383,110,84
383,120,102.6
383,130,118.6
383,140,133
383,150,147.8
383,160,164.2
383,170,179.8
383,180,194.4
383,190,208.2
383,200,221
383,210,232.5
383,220,241.8
383,230,250.6
383,250,267
383,260,276.4
383,270,285.4
383,280,293.8
383,290,301.7
366,0,0
366,40,0
366,50,0.1
366,60,4.3
366,70,14.3
366,80,27.7
366,90,41.5
366,100,55.7
366,120,87.1
366,130,100.8
366,140,113.1
366,150,125.6
366,160,139.6
366,170,152.8
366,180,165.3
366,190,177
366,200,187.8
366,210,197.6
366,220,205.6
366,230,213
366,240,219.9
366,250,226.9
366,260,235
366,270,242.5
366,280,249.8
366,290,256.6
360,0,0
360,40,0
360,50,1.3
360,60,7.8
360,70,13.1
360,80,17
360,90,19.7
360,100,21.8
360,110,23.8
360,120,25.4
360,130,26.5
360,170,30.1
360,180,30.9
360,190,31.5
360,200,32.2
360,210,32.7
360,230,33.5
360,240,33.8
360,260,34.6
360,270,35.1
360,290,35.9
437,0,0
437,25,0
437,26,1
437,27,0
222,0,0
222,25,0
222,26,1
222,100,1
222,101,0
86,0,0
86,25,0
86,26,1
86,110,1
86,111,0
47,0,0
47,25,0
47,26,1
47,90,1
47,91,0
361,0,0
361,25,0
361,26,1
361,210,1
361,211,0
20,0,0
20,25,0
20,26,1
20,120,1
20,121,0
269,0,0
269,25,0
269,26,1
269,100,1
269,101,0
349,0,0
349,25,0
349,26,1
349,210,1
349,211,0
4,0,0
4,25,0
4,26,1
4,120,1
4,121,0
470,0,0
470,1,0
470,10,0.1
470,20,3.8
470,30,18.3
470,40,49.4
470,50,97.4
470,60,158
470,70,224.1
470,80,291.4
470,90,356.9
470,100,418.4
470,110,474.4
470,120,523.9
470,130,566.1
470,140,601.1
470,150,628.8
470,160,649.3
470,170,663.2
470,180,671.1
470,190,673.3
470,200,670
470,210,664
470,220,659.8
470,250,646.3
470,260,641.7
470,270,637.3
470,280,632.8
470,290,628.2
470,299,624.2
468,0,0
468,1,0
468,10,0.1
468,20,1.1
468,30,5.2
468,40,14.1
468,50,27.8
468,60,45.2
468,70,64
468,80,83.2
468,90,102
468,100,119.6
468,110,135.6
468,120,149.7
468,130,161.8
468,140,171.7
468,150,179.6
468,160,185.5
468,170,189.5
468,180,191.7
468,190,192.4
468,200,191.4
468,210,189.7
468,220,188.5
468,240,185.9
468,250,184.7
468,290,179.5
468,299,178.3
471,0,0
471,1,0
471,10,0.2
471,20,5.4
471,30,26.1
471,40,70.6
471,50,139.1
471,60,225.8
471,70,320.1
471,80,416.2
471,90,509.9
471,100,597.8
471,110,677.8
471,120,748.4
471,130,808.8
471,140,858.7
471,150,898.2
471,160,927.6
471,170,947.5
471,180,958.7
471,190,961.9
471,200,957.1
471,210,948.6
471,220,942.6
471,230,936.1
471,250,923.3
471,260,916.8
471,280,904
471,290,897.5
471,299,891.7
276,0,0
276,1,0
276,10,0.2
276,20,5.4
276,30,26.1
276,40,70.6
276,50,139.1
276,60,225.8
276,70,320.1
276,80,416.2
276,90,509.9
276,100,597.8
276,110,677.8
276,120,748.4
276,130,808.8
276,140,858.7
276,150,898.2
276,160,927.6
276,170,947.5
276,180,958.7
276,190,961.9
276,200,957.1
276,210,948.6
276,220,942.6
276,230,936.1
276,250,923.3
276,260,916.8
276,280,904
276,290,897.5
276,299,891.7
275,0,0
275,1,0
275,10,0.2
275,20,4.7
275,30,22.7
275,40,61.4
275,50,121
275,60,196.4
275,70,278.5
275,80,362.1
275,90,443.6
275,100,520.1
275,110,589.7
275,120,651.1
275,130,703.7
275,140,747.1
275,150,781.4
275,160,807
275,170,824.3
275,180,834.1
275,190,836.9
275,200,832.7
275,210,825.3
275,220,820.1
275,230,814.4
275,240,808.8
275,250,803.3
275,260,797.6
275,270,792
275,280,786.5
275,290,780.8
275,299,775.8
434,0,0
434,1,0
434,10,0.3
434,20,6.5
434,30,29.4
434,40,75.2
434,50,141.5
434,60,220.8
434,70,302.1
434,80,380.3
434,90,451.7
434,100,514.1
434,110,566.2
434,120,607.6
434,130,638.5
434,140,659.5
434,150,671.3
434,160,674.8
434,170,671.1
434,180,661.2
434,190,646
434,200,629.8
434,210,618.7
434,220,616
434,299,537
358,0,0
358,1,0
358,10,0.5
358,20,1.5
358,30,2.8
358,40,4.2
358,50,5.8
358,60,7.5
358,70,9.1
358,80,10.8
358,100,14
358,120,17
358,150,20.9
358,160,22
358,170,23
358,190,24.8
358,210,26.2
358,220,26.8
358,240,27.8
358,260,28.4
358,280,28.8
358,290,28.9
358,299,29
199,0,0
199,1,0
199,10,0.3
199,20,6.5
199,30,29.4
199,40,75.2
199,50,141.5
199,60,220.8
199,70,302.1
199,80,380.3
199,90,451.7
199,100,514.1
199,110,566.2
199,120,607.6
199,130,638.5
199,140,659.5
199,150,671.3
199,160,674.8
199,170,671.1
199,180,661.2
199,190,646
199,200,629.8
199,210,618.7
199,220,616
199,299,537
395,0,0
395,1,0
395,10,0.2
395,20,3
395,30,10.7
395,40,23.9
395,50,41.4
395,60,61.1
395,70,81.2
395,80,100.8
395,90,118.9
395,100,135
395,110,148.9
395,120,160.4
395,130,169.3
395,140,175.9
395,150,180.2
395,160,182.5
395,170,182.8
395,180,181.5
395,190,178.8
395,200,174.8
395,210,169.9
395,220,164.1
395,230,157.8
395,240,152.9
395,250,151.8
395,260,154.9
395,270,154
395,280,153
395,290,152.1
395,299,151.2
433,0,0
433,1,0
433,10,0.2
433,20,4.5
433,30,20.6
433,40,52.7
433,50,99
433,60,154.5
433,70,211.5
433,80,266.2
433,90,316.2
433,100,359.9
433,110,396.4
433,120,425.3
433,130,446.9
433,140,461.6
433,150,469.9
433,160,472.3
433,170,469.8
433,180,462.9
433,190,452.2
433,200,440.8
433,210,433.1
433,220,431.2
433,299,375.9
198,0,0
198,1,0
198,10,0.2
198,20,3.9
198,30,17.9
198,40,45.9
198,50,86.3
198,60,134.7
198,70,184.3
198,80,232
198,90,275.5
198,100,313.6
198,110,345.4
198,120,370.6
198,130,389.5
198,140,402.3
198,150,409.5
198,160,411.6
198,170,409.4
198,180,403.3
198,190,394
198,200,384.2
198,210,377.4
198,220,375.7
198,290,333
198,299,327.6
448,0,0
448,1,0
448,10,0.6
448,20,1.9
448,30,3.6
448,40,5.6
448,50,7.7
448,80,14.3
448,90,16.4
448,100,18.4
448,110,20.3
448,120,22.1
448,130,23.7
448,140,25.2
448,150,26.6
448,160,27.8
448,170,28.9
448,180,29.8
448,190,30.6
448,200,31.3
448,210,31.8
448,220,32.2
448,240,32.8
448,250,32.9
448,260,32.9
448,270,32.8
448,290,32.4
448,299,32.3
445,0,0
445,1,0
445,10,0.8
445,20,2.6
445,30,4.9
445,40,7.6
445,50,10.4
445,70,16.4
445,80,19.3
445,90,22.2
445,100,24.9
445,110,27.5
445,120,29.9
445,130,32.1
445,140,34.1
445,150,36
445,160,37.6
445,170,39.1
445,180,40.3
445,190,41.4
445,200,42.3
445,210,43
445,220,43.6
445,230,44
445,240,44.3
445,250,44.5
445,260,44.5
445,270,44.4
445,280,44.2
445,290,43.9
445,299,43.7
444,0,0
444,1,0
444,10,0.9
444,20,2.9
444,30,5.5
444,40,8.5
444,60,15.1
444,70,18.5
444,90,25.1
444,110,31.1
444,120,33.8
444,130,36.3
444,140,38.6
444,150,40.7
444,160,42.5
444,170,44.2
444,180,45.6
444,190,46.8
444,200,47.8
444,210,48.7
444,220,49.3
444,230,49.8
444,240,50.1
444,250,50.3
444,260,50.3
444,270,50.2
444,290,49.6
444,299,49.4
356,0,0
356,1,0
356,10,0.7
356,20,2
356,30,3.7
356,40,5.7
356,50,7.8
356,80,14.4
356,90,16.5
356,100,18.7
356,110,20.7
356,130,24.5
356,140,26.2
356,150,27.8
356,160,29.3
356,170,30.7
356,180,31.9
356,200,34.1
356,210,35
356,220,35.8
356,240,37
356,250,37.5
356,260,37.9
356,270,38.2
356,280,38.4
356,290,38.5
356,299,38.7
446,0,0
446,1,0
446,10,1.1
446,20,3.7
446,30,7.2
446,40,11.1
446,50,15.4
446,80,28.6
446,100,36.8
446,110,40.5
446,120,44.1
446,130,47.5
446,140,50.5
446,160,55.7
446,170,57.7
446,180,59.6
446,190,61.2
446,200,62.6
446,210,63.6
446,220,64.5
446,230,65.1
446,240,65.5
446,250,65.6
446,260,65.6
446,280,65.4
446,290,64.9
446,299,64.5
319,0,0
319,1,0
319,10,1.1
319,20,5.3
319,30,10.6
319,40,16
319,50,20.9
319,60,24.9
319,70,27.9
319,80,30.1
319,90,31.6
319,100,32.7
319,110,33.3
319,120,33.6
319,130,33.7
319,140,33.5
319,150,33.2
319,160,32.7
319,170,32.1
319,190,30.7
319,220,28.3
319,230,27.7
319,240,27
319,260,25.8
319,290,24.3
319,299,23.9
415,0,0
415,1,0
415,10,0.5
415,20,3.1
415,30,7.7
415,40,13
415,50,18.2
415,60,22.9
415,70,26.7
415,80,29.7
415,90,31.9
415,100,33.6
415,110,34.8
415,120,35.6
415,130,36
415,140,36.2
415,150,36.2
415,160,35.9
415,170,35.5
415,180,35
415,190,34.3
415,200,33.5
415,220,31.7
415,230,30.9
415,250,29.5
415,280,27.7
415,290,27.2
415,299,26.7
169,0,0
169,1,0
169,10,0.5
169,20,3.1
169,30,7.7
169,40,13
169,50,18.2
169,60,22.9
169,70,26.7
169,80,29.7
169,90,31.9
169,100,33.6
169,110,34.8
169,120,35.6
169,130,36
169,140,36.2
169,150,36.2
169,160,35.9
169,170,35.5
169,180,35
169,190,34.3
169,200,33.5
169,220,31.7
169,230,30.9
169,250,29.5
169,280,27.7
169,290,27.2
169,299,26.7
431,0,0
431,1,0
431,10,0.1
431,20,1.3
431,30,5.9
431,40,15
431,50,28.3
431,60,44.2
431,70,60.4
431,80,76.1
431,90,90.3
431,100,102.8
431,110,113.2
431,120,121.5
431,130,127.7
431,140,131.9
431,150,134.3
431,160,135
431,170,134.2
431,180,132.2
431,190,129.2
431,200,126
431,210,123.7
431,220,123.2
431,299,107.4
323,0,0
323,1,0
323,10,0.1
323,20,1.9
323,30,11.3
323,40,34.3
323,50,73
323,60,124.5
323,70,182.5
323,80,242.5
323,90,301.5
323,100,357.3
323,110,408.4
323,120,453.9
323,130,493.2
323,140,526.1
323,150,552.5
323,160,572.7
323,170,586.8
323,180,595.6
323,190,599.3
323,200,597.9
323,210,593.9
323,230,588.7
323,240,586
323,250,583.4
323,270,578
323,290,572.8
323,299,570.3
197,0,0
197,1,0
197,10,0.1
197,20,2.6
197,30,11.5
197,40,29.3
197,50,55.2
197,60,86.1
197,70,117.8
197,80,148.3
197,90,176.2
197,100,200.5
197,110,220.8
197,120,237
197,130,249
197,140,257.2
197,150,261.8
197,160,263.2
197,170,261.7
197,180,257.9
197,190,252
197,200,245.6
197,210,241.3
197,220,240.3
197,290,213
197,299,209.4
324,0,0
324,1,0
324,10,0.1
324,20,2.3
324,30,13.9
324,40,42.4
324,50,90.1
324,60,153.7
324,70,225.3
324,80,299.4
324,90,372.2
324,100,441.1
324,110,504.2
324,120,560.4
324,130,608.9
324,140,649.5
324,150,682.1
324,160,707
324,170,724.5
324,180,735.3
324,190,739.9
324,200,738.1
324,210,733.2
324,230,726.8
324,270,713.6
324,280,710.4
324,290,707.1
324,299,704.1
93,0,0
93,1,0
93,10,0.1
93,20,2.3
93,30,13.9
93,40,42.4
93,50,90.1
93,60,153.7
93,70,225.3
93,80,299.4
93,90,372.2
93,100,441.1
93,110,504.2
93,120,560.4
93,130,608.9
93,140,649.5
93,150,682.1
93,160,707
93,170,724.5
93,180,735.3
93,190,739.9
93,200,738.1
93,210,733.2
93,230,726.8
93,270,713.6
93,280,710.4
93,290,707.1
93,299,704.1
92,0,0
92,1,0
92,10,0.1
92,20,1.6
92,30,9.7
92,40,29.7
92,50,63.1
92,60,107.6
92,70,157.7
92,80,209.6
92,90,260.6
92,100,308.8
92,110,353
92,120,392.3
92,130,426.2
92,140,454.7
92,150,477.5
92,160,494.9
92,170,507.1
92,180,514.7
92,190,517.9
92,200,516.7
92,210,513.3
92,230,508.7
92,240,506.5
92,250,504.2
92,260,501.8
92,270,499.5
92,280,497.3
92,290,495
92,299,492.9
355,0,0
355,1,0
355,10,1.2
355,20,3.6
355,30,6.7
355,40,10.3
355,50,14.1
355,60,18
355,70,22.2
355,80,26.1
355,90,30.2
355,100,33.9
355,110,37.7
355,120,41.2
355,130,44.6
355,140,47.7
355,150,50.6
355,160,53.3
355,170,55.8
355,180,58.2
355,190,60.2
355,200,62.1
355,210,63.7
355,220,65.1
355,230,66.4
355,240,67.4
355,250,68.3
355,260,69
355,270,69.5
355,290,70.1
355,299,70.4
397,0,0
397,1,0
397,10,1.6
397,20,19.7
397,30,71.2
397,40,159.5
397,50,276.3
397,60,407.2
397,70,541.5
397,80,671.8
397,90,792.5
397,100,900.3
397,110,992.8
397,120,1069.1
397,130,1128.9
397,140,1172.8
397,150,1201.5
397,160,1216.4
397,170,1218.7
397,180,1210.1
397,190,1191.9
397,200,1165.6
397,210,1132.6
397,220,1094.3
397,230,1051.7
397,240,1019.1
397,250,1012.1
397,260,1032.8
397,270,1026.4
397,290,1013.8
397,299,1008.1
396,0,0
396,1,0
396,10,1.4
396,20,16.7
396,30,60.5
396,40,135.6
396,50,234.9
396,60,346.1
396,70,460.3
396,80,571
396,90,673.6
396,100,765.3
396,110,843.9
396,120,908.7
396,130,959.6
396,140,996.9
396,150,1021.3
396,160,1033.9
396,170,1035.9
396,180,1028.6
396,190,1013.1
396,200,990.8
396,210,962.7
396,220,930.2
396,230,893.9
396,240,866.2
396,250,860.3
396,260,877.9
396,270,872.4
396,280,867.1
396,290,861.7
396,299,856.9
225,0,0
225,1,0
225,10,1.4
225,20,5.7
225,30,12.2
225,40,20.2
225,50,28.9
225,60,38
225,70,47
225,80,55.6
225,90,63.6
225,100,70.8
225,110,77.1
225,120,82.6
225,130,87.1
225,140,90.7
225,150,93.4
225,160,95.3
225,170,96.4
225,180,96.8
225,190,96.5
225,210,95.1
225,220,94.9
225,230,94.3
225,240,93.8
225,250,93.2
225,260,92.7
225,270,92.1
225,280,91.6
225,290,91
225,299,90.5
85,0,0
85,1,0
85,10,1.1
85,20,5.3
85,30,10.6
85,40,16
85,50,20.9
85,60,24.9
85,70,27.9
85,80,30.1
85,90,31.6
85,100,32.7
85,110,33.3
85,120,33.6
85,130,33.7
85,140,33.5
85,150,33.2
85,160,32.7
85,170,32.1
85,190,30.7
85,220,28.3
85,230,27.7
85,240,27
85,260,25.8
85,290,24.3
85,299,23.9
357,0,0
357,1,0
357,10,2.4
357,20,7.1
357,30,13.2
357,40,20.2
357,50,27.7
357,60,35.5
357,70,43.5
357,90,59.1
357,100,66.6
357,110,73.9
357,120,80.8
357,130,87.4
357,140,93.5
357,150,99.3
357,160,104.6
357,170,109.5
357,180,114
357,190,118
357,200,121.7
357,210,124.9
357,220,127.7
357,230,130.1
357,240,132.2
357,250,133.9
357,260,135.3
357,270,136.3
357,280,137
357,290,137.5
357,299,138.1
467,0,0
467,1,0
467,10,2.5
467,20,8.2
467,30,14.8
467,40,21.1
467,50,26.5
467,60,30.8
467,70,33.9
467,80,36.2
467,90,37.8
467,100,38.8
467,110,39.4
467,120,39.6
467,130,39.6
467,140,39.3
467,150,38.8
467,160,38.2
467,180,36.6
467,190,35.7
467,210,33.7
467,220,32.8
467,240,31.2
467,270,29.1
467,290,27.9
467,299,27.4
268,0,0
268,1,0
268,10,2.5
268,20,8.2
268,30,14.8
268,40,21.1
268,50,26.5
268,60,30.8
268,70,33.9
268,80,36.2
268,90,37.8
268,100,38.8
268,110,39.4
268,120,39.6
268,130,39.6
268,140,39.3
268,150,38.8
268,160,38.2
268,180,36.6
268,190,35.7
268,210,33.7
268,220,32.8
268,240,31.2
268,270,29.1
268,290,27.9
268,299,27.4
247,0,0
247,1,0
247,10,2.6
247,20,11.1
247,30,24.2
247,40,40.5
247,50,58.5
247,60,77.3
247,70,96
247,80,113.8
247,90,130.3
247,100,145.2
247,110,158.2
247,120,169.2
247,130,178.3
247,140,185.3
247,150,190.5
247,160,193.8
247,170,195.6
247,180,195.8
247,190,194.7
247,200,193
247,210,192.2
247,220,193.2
247,290,189.7
247,299,189.3
224,0,0
224,1,0
224,10,2.8
224,20,11.4
224,30,24.5
224,40,40.4
224,50,57.9
224,60,76
224,70,94
224,80,111.2
224,90,127.1
224,100,141.6
224,110,154.3
224,120,165.2
224,130,174.2
224,140,181.4
224,150,186.8
224,160,190.6
224,170,192.8
224,180,193.6
224,190,193.1
224,200,191.6
224,210,190.2
224,220,189.8
224,290,182.1
224,299,181.1
115,0,0
115,1,0
115,10,1.8
115,20,7.5
115,30,16.5
115,40,27.7
115,50,40.1
115,60,53.1
115,70,65.9
115,80,78.2
115,90,89.6
115,100,99.9
115,110,108.9
115,120,116.5
115,130,122.8
115,140,127.6
115,150,131.2
115,160,133.6
115,170,134.8
115,180,135
115,190,134.2
115,200,132.9
115,210,131.8
115,220,131.8
115,230,130.9
115,270,127.7
115,280,126.8
115,290,126
115,299,125.3
447,0,0
447,1,0
447,10,3.4
447,20,11.1
447,30,21.2
447,40,32.8
447,50,45.3
447,60,58.2
447,70,71.2
447,80,84
447,90,96.4
447,100,108.2
447,110,119.4
447,120,129.9
447,130,139.6
447,140,148.4
447,150,156.4
447,160,163.6
447,170,169.9
447,180,175.3
447,190,180
447,200,184
447,210,187.1
447,220,189.6
447,230,191.4
447,240,192.7
447,250,193.3
447,260,193.3
447,270,192.9
447,280,192.1
447,290,190.8
447,299,189.9
301,0,0
301,1,0
301,10,3.2
301,20,13.1
301,30,28.1
301,40,46.4
301,50,66.6
301,60,87.4
301,70,108.1
301,80,127.9
301,90,146.2
301,100,162.8
301,110,177.4
301,120,189.9
301,130,200.3
301,140,208.6
301,150,214.8
301,160,219.1
301,170,221.7
301,180,222.6
301,190,222
301,200,220.4
301,210,218.7
301,220,218.2
301,230,217
301,250,214.4
301,260,213.2
301,280,210.6
301,290,209.4
301,299,208.2
53,0,0
53,1,0
53,10,2.9
53,20,12.7
53,30,28
53,40,47.1
53,50,68.2
53,60,90.3
53,70,112
53,80,132.7
53,90,151.8
53,100,168.8
53,110,183.5
53,120,195.9
53,130,205.7
53,140,213.3
53,150,218.5
53,160,221.7
53,170,222.9
53,180,222.4
53,190,220.3
53,200,217.9
53,210,217
53,220,218.9
53,260,216.9
53,270,216.5
53,290,215.5
53,299,215.1
476,0,0
476,1,0
476,10,4.1
476,20,17.6
476,30,38.8
476,40,65.2
476,50,94.8
476,60,125.7
476,70,156.5
476,80,186.1
476,90,213.6
476,100,238.6
476,110,260.6
476,120,279.3
476,130,294.8
476,140,307.1
476,150,316.2
476,160,322.4
476,170,325.9
476,180,326.9
476,190,325.6
476,200,322.7
476,210,320.1
476,220,319.6
476,240,315.6
476,250,313.7
476,299,303.9
249,0,0
249,1,0
249,10,4.3
249,20,18.4
249,30,40.3
249,40,67.4
249,50,97.5
249,60,128.9
249,70,160
249,80,189.7
249,90,217.2
249,100,242
249,110,263.7
249,120,282.1
249,130,297.1
249,140,308.9
249,150,317.5
249,160,323.1
249,170,326
249,180,326.4
249,190,324.5
249,200,321.7
249,210,320.3
249,220,322
249,240,320.4
249,250,319.5
249,270,317.9
249,280,317
249,290,316.2
249,299,315.5
430,0,0
430,1,0
430,10,4.3
430,20,13.3
430,30,23.1
430,40,31.9
430,50,39.2
430,60,44.7
430,70,48.4
430,80,50.8
430,90,52.2
430,100,52.8
430,110,52.8
430,120,52.4
430,130,51.6
430,140,50.6
430,150,49.3
430,170,46.3
430,180,44.6
430,190,43
430,200,41.3
430,210,40
430,220,39
430,230,37.8
430,240,36.7
430,270,33.7
430,280,32.8
430,290,32
430,299,31.2
194,0,0
194,1,0
194,10,4.3
194,20,13.3
194,30,23.1
194,40,31.9
194,50,39.2
194,60,44.7
194,70,48.4
194,80,50.8
194,90,52.2
194,100,52.8
194,110,52.8
194,120,52.4
194,130,51.6
194,140,50.6
194,150,49.3
194,170,46.3
194,180,44.6
194,190,43
194,200,41.3
194,210,40
194,220,39
194,230,37.8
194,240,36.7
194,270,33.7
194,280,32.8
194,290,32
194,299,31.2
495,0,0
495,1,0
495,10,3.5
495,20,15.3
495,30,33.8
495,40,56.7
495,50,82.4
495,60,109.3
495,70,136.1
495,80,161.8
495,90,185.8
495,100,207.5
495,110,226.6
495,120,242.9
495,130,256.4
495,140,267
495,150,275
495,160,280.4
495,170,283.4
495,180,284.2
495,190,283.1
495,200,280.6
495,210,278.4
495,220,277.9
495,240,274.5
495,250,272.7
495,280,267.6
495,290,265.8
495,299,264.3
336,0,0
336,1,0
336,10,3.5
336,20,15.1
336,30,33.1
336,40,55.4
336,50,80.2
336,60,106.1
336,70,131.8
336,80,156.5
336,90,179.3
336,100,199.8
336,110,217.8
336,120,233
336,130,245.5
336,140,255.3
336,150,262.4
336,160,267.1
336,170,269.6
336,180,269.9
336,190,268.4
336,200,265.8
336,210,263.7
336,220,263.5
336,230,261.9
336,240,260.2
336,260,257
336,270,255.3
336,280,253.7
336,290,252
336,299,250.6
114,0,0
114,1,0
114,10,3.5
114,20,15.1
114,30,33.1
114,40,55.4
114,50,80.2
114,60,106.1
114,70,131.8
114,80,156.5
114,90,179.3
114,100,199.8
114,110,217.8
114,120,233
114,130,245.5
114,140,255.3
114,150,262.4
114,160,267.1
114,170,269.6
114,180,269.9
114,190,268.4
114,200,265.8
114,210,263.7
114,220,263.5
114,230,261.9
114,240,260.2
114,260,257
114,270,255.3
114,280,253.7
114,290,252
114,299,250.6
501,0,0
501,1,0
501,10,5.8
501,20,25.4
501,30,56.1
501,40,94.1
501,50,136.5
501,60,180.5
501,70,224.1
501,80,265.5
501,90,303.6
501,100,337.6
501,110,367.1
501,120,391.7
501,130,411.5
501,140,426.5
501,150,437
501,160,443.3
501,170,445.8
501,180,444.8
501,190,440.7
501,200,435.8
501,210,434.1
501,220,437.8
501,240,435.8
501,250,434.9
501,270,432.9
501,280,432
501,299,430.1
455,0,0
455,1,0
455,10,5.5
455,20,23.6
455,30,51.6
455,40,86.3
455,50,124.9
455,60,165
455,70,204.8
455,80,242.8
455,90,278.1
455,100,309.8
455,110,337.5
455,120,361.1
455,130,380.3
455,140,395.3
455,150,406.3
455,160,413.5
455,170,417.2
455,180,417.7
455,190,415.4
455,200,411.8
455,210,410
455,220,412.2
455,230,411.1
455,240,410.1
455,260,407.9
455,270,406.9
455,290,404.7
455,299,403.8
393,0,0
393,1,0
393,10,6.5
393,20,16.1
393,30,25
393,40,32.5
393,50,38.2
393,60,42.3
393,70,45.2
393,80,47.1
393,90,48.2
393,100,48.8
393,110,48.8
393,120,48.5
393,130,47.9
393,140,47
393,150,46
393,160,44.8
393,170,43.5
393,190,40.7
393,220,36.2
393,230,34.8
393,240,33.5
393,250,32.7
393,260,32.4
393,280,31
393,290,30.4
393,299,29.8
302,0,0
302,1,0
302,10,10.6
302,20,43.9
302,30,94.2
302,40,155.5
302,50,222.8
302,60,292.7
302,70,361.9
302,80,428
302,90,489.5
302,100,545.1
302,110,594
302,120,635.9
302,130,670.6
302,140,698.3
302,150,719.2
302,160,733.7
302,170,742.2
302,180,745.2
302,190,743.4
302,200,737.7
302,210,732.2
302,220,730.6
302,230,726.3
302,250,717.9
302,260,713.6
302,280,705.2
302,290,700.9
302,299,697.1
248,0,0
248,1,0
248,10,10.3
248,20,44.2
248,30,96.8
248,40,161.9
248,50,234.2
248,60,309.3
248,70,383.9
248,80,455.3
248,90,521.5
248,100,580.9
248,110,632.9
248,120,677
248,130,713.1
248,140,741.3
248,150,761.8
248,160,775.4
248,170,782.3
248,180,783.2
248,190,778.9
248,200,772.1
248,210,768.7
248,220,772.9
248,290,758.9
248,299,757
226,0,0
226,1,0
226,10,9.6
226,20,39.9
226,30,85.6
226,40,141.3
226,50,202.6
226,60,266.1
226,70,329
226,80,389.1
226,90,445
226,100,495.5
226,110,540
226,120,578
226,130,609.6
226,140,634.8
226,150,653.8
226,160,666.9
226,170,674.7
226,180,677.4
226,190,675.8
226,210,665.6
226,220,664.1
226,230,660.3
226,240,656.4
226,250,652.6
226,260,648.7
226,270,644.9
226,280,641
226,290,637.2
226,299,633.7
55,0,0
55,1,0
55,10,4.9
55,20,21.2
55,30,46.7
55,40,78.5
55,50,113.7
55,60,150.4
55,70,186.7
55,80,221.2
55,90,253
55,100,281.4
55,110,305.9
55,120,326.4
55,130,342.9
55,140,355.4
55,150,364.2
55,160,369.4
55,170,371.5
55,180,370.6
55,190,367.2
55,200,363.2
55,210,361.7
55,220,364.8
55,290,359.2
55,299,358.4
348,0,0
348,1,0
348,10,11.8
348,20,14.4
348,30,16.1
348,40,17.2
348,50,18
348,60,18.6
348,70,19.1
348,80,19.4
348,90,19.6
348,120,19.9
348,130,19.8
348,140,19.8
348,160,19.6
348,170,19.4
348,180,19.3
348,210,18.7
348,220,18.4
348,240,18
348,250,17.7
348,260,17.5
348,280,16.9
348,290,16.7
348,299,16.4
116,0,0
116,1,0
116,10,12.2
116,20,52.8
116,30,115.8
116,40,194
116,50,280.9
116,60,371.4
116,70,461.5
116,80,547.5
116,90,627.4
116,100,699.3
116,110,762.2
116,120,815.7
116,130,859.3
116,140,893.6
116,150,918.6
116,160,935
116,170,943.5
116,180,944.8
116,190,939.6
116,200,930.4
116,210,923
116,220,922.3
116,240,910.9
116,260,899.3
116,290,882.2
116,299,876.9
454,0,0
454,1,0
454,10,11.7
454,20,50.1
454,30,109.7
454,40,183.5
454,50,265.3
454,60,350.5
454,70,435.1
454,80,516
454,90,590.9
454,100,658.3
454,110,717.3
454,120,767.2
454,130,808.2
454,140,840.2
454,150,863.5
454,160,878.8
454,170,886.7
454,180,887.7
454,190,882.7
454,200,875
454,210,871.2
454,220,875.9
454,230,873.7
454,250,869.1
454,260,866.9
454,280,862.3
454,290,860.1
454,299,858
54,0,0
54,1,0
54,10,11.7
54,20,50.8
54,30,112.2
54,40,188.2
54,50,273.1
54,60,361
54,70,448.2
54,80,531.1
54,90,607.2
54,100,675.3
54,110,734.2
54,120,783.4
54,130,823
54,140,853
54,150,874
54,160,886.6
54,170,891.5
54,180,889.5
54,190,881.3
54,200,871.6
54,210,868.3
54,220,875.5
54,240,871.7
54,250,869.7
54,260,867.8
54,270,865.8
54,299,860.3
14,0,0
14,1,0
14,10,3.5
14,20,13.7
14,30,27.5
14,40,42.3
14,50,56.8
14,60,69.8
14,70,81
14,80,89.9
14,90,96.5
14,100,100.9
14,110,103.3
14,120,103.9
14,130,103
14,140,100.8
14,150,97.6
14,160,93.6
14,170,89.1
14,180,84.2
14,190,79
14,200,75
14,210,73.9
14,220,75.6
14,230,74.5
14,240,73.3
14,270,70
14,280,68.8
14,290,67.7
14,299,66.7
497,0,0
497,1,0
497,10,12.4
497,20,53.6
497,30,118.1
497,40,198.6
497,50,288.4
497,60,382.4
497,70,476.2
497,80,566.3
497,90,650.2
497,100,726.2
497,110,793
497,120,850.2
497,130,897.2
497,140,934.7
497,150,962.4
497,160,981.3
497,170,991.8
497,180,994.8
497,190,990.8
497,200,982.2
497,210,974.4
497,220,972.7
497,230,966.7
497,240,960.6
497,260,948.6
497,280,936.4
497,290,930.5
497,299,925
494,0,0
494,1,0
494,10,12.9
494,20,19
494,30,23
494,40,25.9
494,50,27.9
494,60,29.3
494,70,30.3
494,80,30.9
494,90,31.2
494,100,31.3
494,110,31.2
494,120,30.9
494,130,30.5
494,140,30
494,160,28.8
494,170,28
494,180,27.3
494,200,25.7
494,210,25
494,240,23.2
494,280,21.2
494,290,20.8
494,299,20.4
472,0,0
472,1,0
472,10,12.9
472,20,19
472,30,23
472,40,25.9
472,50,27.9
472,60,29.3
472,70,30.3
472,80,30.9
472,90,31.2
472,100,31.3
472,110,31.2
472,120,30.9
472,130,30.5
472,140,30
472,160,28.8
472,170,28
472,180,27.3
472,200,25.7
472,210,25
472,240,23.2
472,280,21.2
472,290,20.8
472,299,20.4
500,0,0
500,1,0
500,10,13.7
500,20,59.3
500,30,130.8
500,40,219.7
500,50,318.5
500,60,421.2
500,70,522.8
500,80,619.5
500,90,708.4
500,100,787.9
500,110,856.5
500,120,914
500,130,960.1
500,140,995.2
500,150,1019.7
500,160,1034.4
500,170,1040.1
500,180,1037.7
500,190,1028.1
500,200,1016.9
500,210,1012.9
500,220,1021.4
500,240,1017
500,250,1014.6
500,270,1010.2
500,280,1007.9
500,299,1003.7
475,0,0
475,1,0
475,10,13.6
475,20,59
475,30,130
475,40,218.5
475,50,317.2
475,70,523.8
475,80,622.9
475,90,715.3
475,100,798.8
475,110,872.3
475,120,935.2
475,130,987
475,140,1028.1
475,150,1058.7
475,160,1079.5
475,170,1091
475,180,1094.2
475,190,1089.9
475,200,1080.4
475,210,1071.9
475,220,1070
475,230,1063.4
475,250,1050
475,260,1043.4
475,270,1036.7
475,290,1023.5
475,299,1017.5
303,0,0
303,1,0
303,10,13.8
303,20,57
303,30,122.3
303,40,201.9
303,50,289.4
303,60,380.1
303,70,470
303,80,555.9
303,90,635.7
303,100,707.9
303,110,771.4
303,120,825.8
303,130,870.9
303,140,906.9
303,150,934
303,160,952.8
303,170,963.9
303,180,967.8
303,190,965.4
303,200,958.1
303,210,950.9
303,220,948.8
303,290,910.3
303,299,905.3
451,0,0
451,1,0
451,10,13.9
451,20,20.3
451,30,24.5
451,40,27.5
451,50,29.5
451,60,31
451,70,32
451,80,32.6
451,90,32.9
451,100,32.9
451,110,32.8
451,130,32
451,150,30.8
451,160,30.1
451,180,28.5
451,190,27.6
451,200,26.8
451,210,26.1
451,220,25.6
451,240,24.4
451,260,23.4
451,270,23
451,280,22.5
451,290,22.1
451,299,21.7
246,0,0
246,1,0
246,10,13.9
246,20,20.3
246,30,24.5
246,40,27.5
246,50,29.5
246,60,31
246,70,32
246,80,32.6
246,90,32.9
246,100,32.9
246,110,32.8
246,130,32
246,150,30.8
246,160,30.1
246,180,28.5
246,190,27.6
246,200,26.8
246,210,26.1
246,220,25.6
246,240,24.4
246,260,23.4
246,270,23
246,280,22.5
246,290,22.1
246,299,21.7
227,0,0
227,1,0
227,10,13.8
227,20,57
227,30,122.3
227,40,201.9
227,50,289.4
227,60,380.1
227,70,470
227,80,555.9
227,90,635.7
227,100,707.9
227,110,771.4
227,120,825.8
227,130,870.9
227,140,906.9
227,150,934
227,160,952.8
227,170,963.9
227,180,967.8
227,190,965.4
227,200,958.1
227,210,950.9
227,220,948.8
227,290,910.3
227,299,905.3
337,0,0
337,1,0
337,10,14
337,20,60.3
337,30,132.3
337,40,221.7
337,50,321
337,60,424.5
337,70,527.4
337,80,625.7
337,90,717
337,100,799.2
337,110,871.1
337,120,932.2
337,130,982.1
337,140,1021.2
337,150,1049.8
337,160,1068.6
337,170,1078.3
337,180,1079.8
337,190,1073.8
337,200,1063.3
337,210,1054.8
337,220,1054.1
337,230,1047.5
337,240,1041
337,260,1027.8
337,270,1021.3
337,280,1014.7
337,290,1008.2
337,299,1002.2
456,0,0
456,1,0
456,10,17.2
456,20,73.7
456,30,161.3
456,40,269.8
456,50,390.2
456,60,515.5
456,70,639.9
456,80,758.8
456,90,869
456,100,968.1
456,110,1054.8
456,120,1128.3
456,130,1188.5
456,140,1235.5
456,150,1269.8
456,160,1292.3
456,170,1303.9
456,180,1305.4
456,190,1298.1
456,200,1286.8
456,210,1281.2
456,220,1288.1
456,240,1281.5
456,250,1278.1
456,270,1271.5
456,280,1268.1
456,290,1264.8
456,299,1261.8
250,0,0
250,1,0
250,10,17.2
250,20,73.7
250,30,161.3
250,40,269.8
250,50,390.2
250,60,515.5
250,70,639.9
250,80,758.8
250,90,869
250,100,968.1
250,110,1054.8
250,120,1128.3
250,130,1188.5
250,140,1235.5
250,150,1269.8
250,160,1292.3
250,170,1303.9
250,180,1305.4
250,190,1298.1
250,200,1286.8
250,210,1281.2
250,220,1288.1
250,240,1281.5
250,250,1278.1
250,270,1271.5
250,280,1268.1
250,290,1264.8
250,299,1261.8
298,0,0
298,1,0
298,10,14.9
298,20,21.5
298,30,25.7
298,40,28.6
298,50,30.6
298,60,32
298,70,32.9
298,80,33.5
298,90,33.8
298,100,33.8
298,110,33.7
298,130,32.9
298,140,32.4
298,170,30.3
298,190,28.7
298,200,27.8
298,230,25.7
298,250,24.5
298,290,22.5
298,299,22.1
221,0,0
221,1,0
221,10,14.9
221,20,21.5
221,30,25.7
221,40,28.6
221,50,30.6
221,60,32
221,70,32.9
221,80,33.5
221,90,33.8
221,100,33.8
221,110,33.7
221,130,32.9
221,140,32.4
221,170,30.3
221,190,28.7
221,200,27.8
221,230,25.7
221,250,24.5
221,290,22.5
221,299,22.1
338,0,0
338,1,0
338,10,17.5
338,20,75.4
338,30,165.4
338,40,277.1
338,50,401.2
338,60,530.6
338,70,659.2
338,80,782.2
338,90,896.3
338,100,999
338,110,1088.9
338,120,1165.2
338,130,1227.6
338,140,1276.5
338,150,1312.2
338,160,1335.7
338,170,1347.9
338,180,1349.7
338,190,1342.2
338,200,1329.1
338,210,1318.5
338,220,1317.6
338,290,1260.2
338,299,1252.8
117,0,0
117,1,0
117,10,17.5
117,20,75.4
117,30,165.4
117,40,277.1
117,50,401.2
117,60,530.6
117,70,659.2
117,80,782.2
117,90,896.3
117,100,999
117,110,1088.9
117,120,1165.2
117,130,1227.6
117,140,1276.5
117,150,1312.2
117,160,1335.7
117,170,1347.9
117,180,1349.7
117,190,1342.2
117,200,1329.1
117,210,1318.5
117,220,1317.6
117,290,1260.2
117,299,1252.8
335,0,0
335,1,0
335,10,13.9
335,20,20.4
335,30,24.7
335,40,27.7
335,50,29.8
335,60,31.3
335,70,32.3
335,80,32.9
335,90,33.2
335,100,33.2
335,110,33.1
335,120,32.8
335,140,31.8
335,160,30.4
335,190,28
335,200,27.1
335,220,25.7
335,250,23.9
335,290,21.9
335,299,21.5
113,0,0
113,1,0
113,10,13.9
113,20,20.4
113,30,24.7
113,40,27.7
113,50,29.8
113,60,31.3
113,70,32.3
113,80,32.9
113,90,33.2
113,100,33.2
113,110,33.1
113,120,32.8
113,140,31.8
113,160,30.4
113,190,28
113,200,27.1
113,220,25.7
113,250,23.9
113,290,21.9
113,299,21.5
499,0,0
499,1,0
499,10,13.4
499,20,19.8
499,30,24
499,40,27
499,50,29
499,60,30.5
499,70,31.5
499,80,32
499,90,32.3
499,100,32.3
499,110,32.1
499,120,31.8
499,130,31.3
499,140,30.7
499,160,29.3
499,170,28.5
499,180,27.6
499,200,26
499,210,25.3
499,220,24.8
499,230,24.2
499,260,22.7
499,270,22.3
499,280,21.8
499,290,21.4
499,299,21.1
46,0,0
46,1,0
46,10,13.4
46,20,19.8
46,30,24
46,40,27
46,50,29
46,60,30.5
46,70,31.5
46,80,32
46,90,32.3
46,100,32.3
46,110,32.1
46,120,31.8
46,130,31.3
46,140,30.7
46,160,29.3
46,170,28.5
46,180,27.6
46,200,26
46,210,25.3
46,220,24.8
46,230,24.2
46,260,22.7
46,270,22.3
46,280,21.8
46,290,21.4
46,299,21.1
498,0,0
498,1,0
498,10,17.7
498,20,76.6
498,30,168.8
498,40,283.7
498,50,412
498,70,680.3
498,80,809
498,90,928.9
498,100,1037.4
498,110,1132.9
498,120,1214.5
498,130,1281.8
498,140,1335.2
498,150,1374.9
498,160,1401.9
498,170,1416.9
498,180,1421.1
498,190,1415.5
498,200,1403.1
498,210,1392
498,220,1389.6
498,230,1381
498,240,1372.3
498,260,1355.1
498,270,1346.4
498,290,1329.2
498,299,1321.4
477,0,0
477,1,0
477,10,17.7
477,20,76.6
477,30,168.8
477,40,283.7
477,50,412
477,70,680.3
477,80,809
477,90,928.9
477,100,1037.4
477,110,1132.9
477,120,1214.5
477,130,1281.8
477,140,1335.2
477,150,1374.9
477,160,1401.9
477,170,1416.9
477,180,1421.1
477,190,1415.5
477,200,1403.1
477,210,1392
477,220,1389.6
477,230,1381
477,240,1372.3
477,260,1355.1
477,270,1346.4
477,290,1329.2
477,299,1321.4
15,0,0
15,1,0
15,10,17.6
15,20,68.4
15,30,137.3
15,40,211.6
15,50,283.8
15,60,349.2
15,70,404.8
15,80,449.3
15,90,482.3
15,100,504.4
15,110,516.4
15,120,519.4
15,130,514.9
15,140,504
15,150,488.1
15,160,468.2
15,170,445.5
15,180,420.8
15,190,394.8
15,200,375.2
15,210,369.6
15,220,377.9
15,270,349.9
15,280,344.2
15,290,338.6
15,299,333.6
13,0,0
13,1,0
13,10,12.3
13,20,47.9
13,30,96.1
13,40,148.1
13,50,198.6
13,60,244.5
13,70,283.3
13,80,314.5
13,90,337.6
13,100,353.1
13,110,361.5
13,120,363.6
13,130,360.4
13,140,352.8
13,150,341.7
13,160,327.8
13,170,311.9
13,180,294.5
13,190,276.3
13,200,262.7
13,210,258.7
13,220,264.5
13,260,248.9
13,270,244.9
13,280,241
13,290,237
13,299,233.5
496,0,0
496,1,0
496,10,1.8
496,20,7.7
496,30,16.9
496,40,28.4
496,50,41.2
496,70,68
496,80,80.9
496,90,92.9
496,100,103.7
496,110,113.3
496,120,121.4
496,130,128.2
496,140,133.5
496,150,137.5
496,160,140.2
496,170,141.7
496,180,142.1
496,190,141.6
496,200,140.3
496,210,139.2
496,220,139
496,240,137.2
496,250,136.4
496,270,134.6
496,280,133.8
496,290,132.9
496,299,132.1
12,0,0
12,1,0
12,10,1.8
12,20,6.8
12,30,13.7
12,40,21.2
12,50,28.4
12,60,34.9
12,70,40.5
12,80,44.9
12,90,48.2
12,100,50.4
12,110,51.6
12,120,51.9
12,130,51.5
12,140,50.4
12,150,48.8
12,160,46.8
12,170,44.5
12,180,42.1
12,190,39.5
12,200,37.5
12,210,37
12,220,37.8
12,230,37.2
12,240,36.7
12,260,35.5
12,270,35
12,280,34.4
12,290,33.9
12,299,33.4
502,0,0
502,1,0
502,10,19.5
502,20,84.7
502,30,186.9
502,40,313.8
502,50,455
502,60,601.7
502,70,746.9
502,80,885
502,90,1012
502,100,1125.5
502,110,1223.6
502,120,1305.7
502,130,1371.6
502,140,1421.7
502,150,1456.7
502,160,1477.7
502,170,1485.9
502,180,1482.5
502,190,1468.8
502,200,1452.7
502,210,1447
502,220,1459.2
502,240,1452.8
502,250,1449.5
502,290,1436.7
502,299,1433.8
56,0,0
56,1,0
56,10,19.5
56,20,84.7
56,30,186.9
56,40,313.8
56,50,455
56,60,601.7
56,70,746.9
56,80,885
56,90,1012
56,100,1125.5
56,110,1223.6
56,120,1305.7
56,130,1371.6
56,140,1421.7
56,150,1456.7
56,160,1477.7
56,170,1485.9
56,180,1482.5
56,190,1468.8
56,200,1452.7
56,210,1447
56,220,1459.2
56,240,1452.8
56,250,1449.5
56,290,1436.7
56,299,1433.8
3,0,0
3,1,0
3,10,18.3
3,20,25.5
3,30,29.5
3,40,31.7
3,50,32.8
3,60,33.3
3,70,33.2
3,80,32.7
3,90,31.9
3,100,31
3,110,29.9
3,120,28.7
3,130,27.4
3,140,26.2
3,170,22.3
3,190,19.9
3,200,18.9
3,210,18.3
3,220,18.1
3,230,17.5
3,240,17
3,250,16.6
3,260,16.1
3,290,14.9
3,299,14.6
49,0,0
49,91,0
49,92,1
48,0,0
48,90,0
48,91,1
48,92,0
474,0,0
474,101,0
474,102,1
435,0,0
435,110,0
435,260,1
392,0,0
392,110,0
392,170,1
193,0,0
193,110,0
193,160,1
170,0,0
170,110,0
170,111,1
170,160,1
170,161,0
87,0,0
87,110,0
87,111,1
87,200,1
87,201,0
306,0,0
306,100,0
306,101,1
306,140,1
306,141,0
270,0,0
270,100,0
270,101,1
270,130,1
270,131,0
473,0,0
473,100,0
473,101,1
473,102,0
279,0,0
279,100,0
279,101,1
279,130,1
279,131,0
223,0,0
223,100,0
223,101,1
223,140,1
223,141,0
304,0,0
304,100,0
304,180,1
112,0,0
112,100,0
112,180,1
45,0,0
45,100,0
45,170,1
280,0,0
280,130,0
280,131,1
271,0,0
271,130,0
271,131,1
84,0,0
84,130,0
84,190,1
171,0,0
171,160,0
171,161,1
363,0,0
363,211,0
363,212,1
351,0,0
351,211,0
351,212,1
362,0,0
362,210,0
362,211,1
362,212,0
350,0,0
350,210,0
350,211,1
350,212,0
140,0,0
140,200,0
140,201,1
88,0,0
88,200,0
88,201,1
146,0,0
146,140,0
146,200,1
137,0,0
137,140,0
137,200,1
22,0,0
22,140,0
22,141,1
6,0,0
6,140,0
6,141,1
359,0,0
359,120,0
359,299,1
347,0,0
347,120,0
347,299,1
277,0,0
277,120,0
277,190,1
267,0,0
267,120,0
267,190,1
148,0,0
148,120,0
148,121,1
148,200,1
148,201,0
21,0,0
21,120,0
21,121,1
21,140,1
21,141,0
139,0,0
139,120,0
139,121,1
139,200,1
139,201,0
5,0,0
5,120,0
5,121,1
5,140,1
5,141,0
18,0,0
18,249,0
18,250,1
1,0,0
1,249,0
1,250,1
17,0,0
17,60,0
17,120,1
0,0,0
0,60,0
0,120,1
