feature_id,MVcon_0,MVcon_10,MVcon_20,MVcon_30,MVcon_40,MVcon_50,MVcon_60,MVcon_70,MVcon_80,MVcon_90,MVcon_100,MVcon_110,MVcon_120,MVcon_130,MVcon_140,MVcon_150,MVcon_160,MVcon_170,MVcon_180,MVcon_190,MVcon_200,MVcon_210,MVcon_220,MVcon_230,MVcon_240,MVcon_250,MVcon_260,MVcon_270,MVcon_280,MVcon_290,MVcon_300,MVcon_310,MVcon_320,MVcon_330,MVcon_340,MVcon_350,MVdec_0,MVdec_10,MVdec_20,MVdec_30,MVdec_40,MVdec_50,MVdec_60,MVdec_70,MVdec_80,MVdec_90,MVdec_100,MVdec_110,MVdec_120,MVdec_130,MVdec_140,MVdec_150,MVdec_160,MVdec_170,MVdec_180,MVdec_190,MVdec_200,MVdec_210,MVdec_220,MVdec_230,MVdec_240,MVdec_250,MVdec_260,MVdec_270,MVdec_280,MVdec_290,MVdec_300,MVdec_310,MVdec_320,MVdec_330,MVdec_340,MVdec_350,HTcon_0,HTcon_10,HTcon_20,HTcon_30,HTcon_40,HTcon_50,HTcon_60,HTcon_70,HTcon_80,HTcon_90,HTcon_100,HTcon_110,HTcon_120,HTcon_130,HTcon_140,HTcon_150,HTcon_160,HTcon_170,HTcon_180,HTcon_190,HTcon_200,HTcon_210,HTcon_220,HTcon_230,HTcon_240,HTcon_250,HTcon_260,HTcon_270,HTcon_280,HTcon_290,HTcon_300,HTcon_310,HTcon_320,HTcon_330,HTcon_340,HTcon_350,HTdec_0,HTdec_10,HTdec_20,HTdec_30,HTdec_40,HTdec_50,HTdec_60,HTdec_70,HTdec_80,HTdec_90,HTdec_100,HTdec_110,HTdec_120,HTdec_130,HTdec_140,HTdec_150,HTdec_160,HTdec_170,HTdec_180,HTdec_190,HTdec_200,HTdec_210,HTdec_220,HTdec_230,HTdec_240,HTdec_250,HTdec_260,HTdec_270,HTdec_280,HTdec_290,HTdec_300,HTdec_310,HTdec_320,HTdec_330,HTdec_340,HTdec_350,gVol_0,gVol_10,gVol_20,gVol_30,gVol_40,gVol_50,gVol_60,gVol_70,gVol_80,gVol_90,gVol_100,gVol_110,gVol_120,gVol_130,gVol_140,gVol_150,gVol_160,gVol_170,gVol_180,gVol_190,gVol_200,gVol_210,gVol_220,gVol_230,gVol_240,gVol_250,gVol_260,gVol_270,gVol_280,gVol_290,gVol_300,gVol_310,gVol_320,gVol_330,gVol_340,gVol_350,CC_0,CC_10,CC_20,CC_30,CC_40,CC_50,CC_60,CC_70,CC_80,CC_90,CC_100,CC_110,CC_120,CC_130,CC_140,CC_150,CC_160,CC_170,CC_180,CC_190,CC_200,CC_210,CC_220,CC_230,CC_240,CC_250,CC_260,CC_270,CC_280,CC_290,CC_300,CC_310,CC_320,CC_330,CC_340,CC_350,Logs_Grade_D_0,Logs_Grade_D_10,Logs_Grade_D_20,Logs_Grade_D_30,Logs_Grade_D_40,Logs_Grade_D_50,Logs_Grade_D_60,Logs_Grade_D_70,Logs_Grade_D_80,Logs_Grade_D_90,Logs_Grade_D_100,Logs_Grade_D_110,Logs_Grade_D_120,Logs_Grade_D_130,Logs_Grade_D_140,Logs_Grade_D_150,Logs_Grade_D_160,Logs_Grade_D_170,Logs_Grade_D_180,Logs_Grade_D_190,Logs_Grade_D_200,Logs_Grade_D_210,Logs_Grade_D_220,Logs_Grade_D_230,Logs_Grade_D_240,Logs_Grade_D_250,Logs_Grade_D_260,Logs_Grade_D_270,Logs_Grade_D_280,Logs_Grade_D_290,Logs_Grade_D_300,Logs_Grade_D_310,Logs_Grade_D_320,Logs_Grade_D_330,Logs_Grade_D_340,Logs_Grade_D_350,Logs_Grade_F_0,Logs_Grade_F_10,Logs_Grade_F_20,Logs_Grade_F_30,Logs_Grade_F_40,Logs_Grade_F_50,Logs_Grade_F_60,Logs_Grade_F_70,Logs_Grade_F_80,Logs_Grade_F_90,Logs_Grade_F_100,Logs_Grade_F_110,Logs_Grade_F_120,Logs_Grade_F_130,Logs_Grade_F_140,Logs_Grade_F_150,Logs_Grade_F_160,Logs_Grade_F_170,Logs_Grade_F_180,Logs_Grade_F_190,Logs_Grade_F_200,Logs_Grade_F_210,Logs_Grade_F_220,Logs_Grade_F_230,Logs_Grade_F_240,Logs_Grade_F_250,Logs_Grade_F_260,Logs_Grade_F_270,Logs_Grade_F_280,Logs_Grade_F_290,Logs_Grade_F_300,Logs_Grade_F_310,Logs_Grade_F_320,Logs_Grade_F_330,Logs_Grade_F_340,Logs_Grade_F_350,Logs_Grade_H_0,Logs_Grade_H_10,Logs_Grade_H_20,Logs_Grade_H_30,Logs_Grade_H_40,Logs_Grade_H_50,Logs_Grade_H_60,Logs_Grade_H_70,Logs_Grade_H_80,Logs_Grade_H_90,Logs_Grade_H_100,Logs_Grade_H_110,Logs_Grade_H_120,Logs_Grade_H_130,Logs_Grade_H_140,Logs_Grade_H_150,Logs_Grade_H_160,Logs_Grade_H_170,Logs_Grade_H_180,Logs_Grade_H_190,Logs_Grade_H_200,Logs_Grade_H_210,Logs_Grade_H_220,Logs_Grade_H_230,Logs_Grade_H_240,Logs_Grade_H_250,Logs_Grade_H_260,Logs_Grade_H_270,Logs_Grade_H_280,Logs_Grade_H_290,Logs_Grade_H_300,Logs_Grade_H_310,Logs_Grade_H_320,Logs_Grade_H_330,Logs_Grade_H_340,Logs_Grade_H_350,Logs_Grade_I_0,Logs_Grade_I_10,Logs_Grade_I_20,Logs_Grade_I_30,Logs_Grade_I_40,Logs_Grade_I_50,Logs_Grade_I_60,Logs_Grade_I_70,Logs_Grade_I_80,Logs_Grade_I_90,Logs_Grade_I_100,Logs_Grade_I_110,Logs_Grade_I_120,Logs_Grade_I_130,Logs_Grade_I_140,Logs_Grade_I_150,Logs_Grade_I_160,Logs_Grade_I_170,Logs_Grade_I_180,Logs_Grade_I_190,Logs_Grade_I_200,Logs_Grade_I_210,Logs_Grade_I_220,Logs_Grade_I_230,Logs_Grade_I_240,Logs_Grade_I_250,Logs_Grade_I_260,Logs_Grade_I_270,Logs_Grade_I_280,Logs_Grade_I_290,Logs_Grade_I_300,Logs_Grade_I_310,Logs_Grade_I_320,Logs_Grade_I_330,Logs_Grade_I_340,Logs_Grade_I_350,Logs_Grade_J_0,Logs_Grade_J_10,Logs_Grade_J_20,Logs_Grade_J_30,Logs_Grade_J_40,Logs_Grade_J_50,Logs_Grade_J_60,Logs_Grade_J_70,Logs_Grade_J_80,Logs_Grade_J_90,Logs_Grade_J_100,Logs_Grade_J_110,Logs_Grade_J_120,Logs_Grade_J_130,Logs_Grade_J_140,Logs_Grade_J_150,Logs_Grade_J_160,Logs_Grade_J_170,Logs_Grade_J_180,Logs_Grade_J_190,Logs_Grade_J_200,Logs_Grade_J_210,Logs_Grade_J_220,Logs_Grade_J_230,Logs_Grade_J_240,Logs_Grade_J_250,Logs_Grade_J_260,Logs_Grade_J_270,Logs_Grade_J_280,Logs_Grade_J_290,Logs_Grade_J_300,Logs_Grade_J_310,Logs_Grade_J_320,Logs_Grade_J_330,Logs_Grade_J_340,Logs_Grade_J_350,Logs_Grade_U_0,Logs_Grade_U_10,Logs_Grade_U_20,Logs_Grade_U_30,Logs_Grade_U_40,Logs_Grade_U_50,Logs_Grade_U_60,Logs_Grade_U_70,Logs_Grade_U_80,Logs_Grade_U_90,Logs_Grade_U_100,Logs_Grade_U_110,Logs_Grade_U_120,Logs_Grade_U_130,Logs_Grade_U_140,Logs_Grade_U_150,Logs_Grade_U_160,Logs_Grade_U_170,Logs_Grade_U_180,Logs_Grade_U_190,Logs_Grade_U_200,Logs_Grade_U_210,Logs_Grade_U_220,Logs_Grade_U_230,Logs_Grade_U_240,Logs_Grade_U_250,Logs_Grade_U_260,Logs_Grade_U_270,Logs_Grade_U_280,Logs_Grade_U_290,Logs_Grade_U_300,Logs_Grade_U_310,Logs_Grade_U_320,Logs_Grade_U_330,Logs_Grade_U_340,Logs_Grade_U_350,Logs_Grade_X_0,Logs_Grade_X_10,Logs_Grade_X_20,Logs_Grade_X_30,Logs_Grade_X_40,Logs_Grade_X_50,Logs_Grade_X_60,Logs_Grade_X_70,Logs_Grade_X_80,Logs_Grade_X_90,Logs_Grade_X_100,Logs_Grade_X_110,Logs_Grade_X_120,Logs_Grade_X_130,Logs_Grade_X_140,Logs_Grade_X_150,Logs_Grade_X_160,Logs_Grade_X_170,Logs_Grade_X_180,Logs_Grade_X_190,Logs_Grade_X_200,Logs_Grade_X_210,Logs_Grade_X_220,Logs_Grade_X_230,Logs_Grade_X_240,Logs_Grade_X_250,Logs_Grade_X_260,Logs_Grade_X_270,Logs_Grade_X_280,Logs_Grade_X_290,Logs_Grade_X_300,Logs_Grade_X_310,Logs_Grade_X_320,Logs_Grade_X_330,Logs_Grade_X_340,Logs_Grade_X_350,Logs_Grade_Y_0,Logs_Grade_Y_10,Logs_Grade_Y_20,Logs_Grade_Y_30,Logs_Grade_Y_40,Logs_Grade_Y_50,Logs_Grade_Y_60,Logs_Grade_Y_70,Logs_Grade_Y_80,Logs_Grade_Y_90,Logs_Grade_Y_100,Logs_Grade_Y_110,Logs_Grade_Y_120,Logs_Grade_Y_130,Logs_Grade_Y_140,Logs_Grade_Y_150,Logs_Grade_Y_160,Logs_Grade_Y_170,Logs_Grade_Y_180,Logs_Grade_Y_190,Logs_Grade_Y_200,Logs_Grade_Y_210,Logs_Grade_Y_220,Logs_Grade_Y_230,Logs_Grade_Y_240,Logs_Grade_Y_250,Logs_Grade_Y_260,Logs_Grade_Y_270,Logs_Grade_Y_280,Logs_Grade_Y_290,Logs_Grade_Y_300,Logs_Grade_Y_310,Logs_Grade_Y_320,Logs_Grade_Y_330,Logs_Grade_Y_340,Logs_Grade_Y_350,Logs_Grade_All_0,Logs_Grade_All_10,Logs_Grade_All_20,Logs_Grade_All_30,Logs_Grade_All_40,Logs_Grade_All_50,Logs_Grade_All_60,Logs_Grade_All_70,Logs_Grade_All_80,Logs_Grade_All_90,Logs_Grade_All_100,Logs_Grade_All_110,Logs_Grade_All_120,Logs_Grade_All_130,Logs_Grade_All_140,Logs_Grade_All_150,Logs_Grade_All_160,Logs_Grade_All_170,Logs_Grade_All_180,Logs_Grade_All_190,Logs_Grade_All_200,Logs_Grade_All_210,Logs_Grade_All_220,Logs_Grade_All_230,Logs_Grade_All_240,Logs_Grade_All_250,Logs_Grade_All_260,Logs_Grade_All_270,Logs_Grade_All_280,Logs_Grade_All_290,Logs_Grade_All_300,Logs_Grade_All_310,Logs_Grade_All_320,Logs_Grade_All_330,Logs_Grade_All_340,Logs_Grade_All_350
21000,0,0.0,0.2,58.0,170.5,292.1,416.2,540.5,654.8,760.8,860.8,941.8,1012.1,1082.9,1145.4,1202.1,1252.2,1293.7,1327.2,1357.7,1385.8,1414.4,1439.7,1462.1,1482.0,1498.0,1511.9,1523.8,1534.2,1543.0,1551.0,1559.9,1567.5,1574.1,1579.6,1584.2,0,0,0,0,0,0,0,0,0,0,0,0,0,0,0,0,0,0,0,0,0,0,0,0,0,0,0,0,0,0,0,0,0,0,0,0,0,3.0,8.1,13.4,18.0,22.0,25.4,28.4,31.0,33.3,35.3,37.1,38.7,40.2,41.5,42.6,43.7,44.7,45.5,46.4,47.1,47.8,48.4,49.0,49.5,50.0,50.5,51.0,51.4,51.8,52.1,52.5,52.8,53.1,53.4,53.7,0,0.0,0.0,0.0,0.0,0.0,0.0,0.0,0.0,0.0,0.0,0.0,0.0,0.0,0.0,0.0,0.0,0.0,0.0,0.0,0.0,0.0,0.0,0.0,0.0,0.0,0.0,0.0,0.0,0.0,0.0,0.0,0.0,0.0,0.0,0.0,0,0.0,10.1,78.9,197.9,328.4,461.9,596.2,721.7,840.3,955.0,1052.6,1139.8,1229.6,1310.8,1389.0,1460.0,1522.1,1575.7,1626.1,1673.8,1722.6,1767.7,1809.5,1848.3,1882.2,1913.6,1942.9,1970.2,1996.1,2020.7,2046.4,2070.6,2093.6,2115.3,2135.9,0,4.7,40.7,80.9,88.6,88.8,88.3,87.9,87.4,87.0,86.5,86.0,85.6,85.1,84.7,84.2,83.8,83.3,82.9,82.4,81.9,81.5,81.0,80.6,80.1,79.7,79.2,78.8,78.3,77.9,77.4,76.9,76.5,76.0,75.6,75.1,0,0.0,0.0,0.0,0.0,0.0,0.0,0.0,0.0,0.0,0.0,0.0,0.0,0.0,0.0,0.0,0.0,0.0,0.0,0.0,0.0,0.0,0.0,0.0,0.0,0.0,0.0,0.0,0.0,0.0,0.0,0.0,0.0,0.0,0.0,0.0,0,0.0,0.0,0.0,0.0,0.0,0.0,0.0,0.0,0.0,0.0,0.0,0.0,0.0,0.0,0.0,0.0,0.0,0.0,0.0,0.0,0.0,0.0,0.0,0.0,0.0,0.0,0.0,0.0,0.0,0.0,0.0,0.0,0.0,0.0,0.0,0,0.0,0.0,0.0,0.0,0.5,4.9,17.5,35.2,55.3,80.3,109.4,142.4,223.3,296.0,381.4,458.3,521.6,571.1,616.8,659.7,704.6,745.5,782.5,816.2,846.2,873.4,898.0,920.2,940.3,958.5,974.0,988.0,1000.8,1012.4,1022.8,0,0.0,0.0,0.0,0.1,2.2,14.4,43.7,90.0,146.4,207.7,259.1,299.1,294.9,290.8,271.3,253.2,241.1,235.6,230.4,225.1,218.5,212.3,206.4,201.0,195.4,190.2,185.3,180.8,176.9,173.5,172.5,171.6,170.6,169.7,168.7,0,0.0,0.0,14.0,109.7,228.4,335.1,415.4,465.1,494.6,508.4,511.1,510.8,506.9,502.7,494.5,486.8,478.5,469.9,461.5,453.2,444.0,435.2,426.9,419.1,411.2,403.7,396.6,389.7,383.0,376.7,371.2,366.0,361.0,356.1,351.4,0,0.0,0.0,21.6,34.8,36.4,37.5,38.8,39.9,41.0,40.9,40.0,39.2,38.3,37.4,36.3,35.1,33.8,32.5,31.4,30.5,29.8,29.1,28.5,28.0,27.7,27.4,27.2,26.9,26.7,26.4,26.2,26.0,25.8,25.6,25.4,0,0.0,0.0,2.6,16.0,20.1,22.2,22.1,21.6,20.7,20.2,19.7,19.2,18.3,17.5,17.1,16.7,16.5,16.3,16.1,15.9,15.7,15.4,15.2,15.0,14.6,14.3,14.1,13.8,13.5,13.3,13.1,13.0,12.8,12.6,12.5,0,0.0,0.0,1.0,3.7,3.1,2.4,2.8,3.1,3.3,3.3,3.3,3.2,3.4,3.5,3.6,3.6,3.7,3.8,3.9,3.9,4.0,4.1,4.1,4.2,4.2,4.3,4.3,4.4,4.4,4.4,4.5,4.5,4.5,4.5,4.6,0,0.0,0.0,43.8,184.1,327.4,471.5,614.9,749.2,875.5,995.1,1095.5,1184.6,1274.6,1355.7,1429.7,1496.7,1554.7,1604.3,1650.6,1694.2,1738.3,1779.0,1816.6,1851.4,1882.1,1910.5,1936.8,1961.4,1984.3,2006.3,2029.5,2051.5,2072.2,2091.8,2110.5
23000,0,0.0,22.5,195.4,399.7,624.1,834.9,1027.9,1190.8,1343.1,1475.1,1580.2,1676.7,1764.3,1836.4,1899.4,1962.7,2019.1,2067.1,2104.9,2137.9,2166.7,2196.6,2222.6,2245.4,2265.8,2271.7,2263.3,2253.3,2242.8,2231.9,2220.7,2209.3,2197.5,2185.6,2173.5,0,0,0,0,0,0,0,0,0,0,0,0,0,0,0,0,0,0,0,0,0,0,0,0,0,0,0,0,0,0,0,0,0,0,0,0,0,4.0,11.4,18.3,24.2,29.2,33.4,37.0,40.1,42.8,45.2,47.3,49.2,50.8,52.3,53.6,54.8,55.9,56.9,57.8,58.6,59.4,60.0,60.7,61.3,61.8,62.3,62.8,63.3,63.7,64.1,64.5,64.8,65.1,65.4,65.7,0,0.0,0.0,0.0,0.0,0.0,0.0,0.0,0.0,0.0,0.0,0.0,0.0,0.0,0.0,0.0,0.0,0.0,0.0,0.0,0.0,0.0,0.0,0.0,0.0,0.0,0.0,0.0,0.0,0.0,0.0,0.0,0.0,0.0,0.0,0.0,0,0.1,43.3,224.6,441.6,680.0,907.8,1124.4,1315.9,1502.0,1671.9,1815.3,1951.2,2076.8,2183.7,2279.8,2376.2,2464.6,2543.9,2612.8,2675.7,2733.3,2791.3,2845.1,2894.9,2941.8,2968.7,2975.6,2979.3,2982.6,2985.4,2987.8,2989.9,2991.7,2993.3,2994.7,0,9.8,77.3,96.1,96.1,95.6,95.1,94.6,94.1,93.6,93.1,92.7,92.2,91.7,91.2,90.7,90.2,89.7,89.2,88.7,88.2,87.8,87.3,86.8,86.3,85.8,85.3,84.8,84.3,83.8,83.3,82.9,82.4,81.9,81.4,80.9,0,0.0,0.0,0.0,0.0,0.0,0.0,0.0,0.0,0.0,0.0,0.0,0.0,0.0,0.0,0.0,0.0,0.0,0.0,0.0,0.0,0.0,0.0,0.0,0.0,0.0,0.0,0.0,0.0,0.0,0.0,0.0,0.0,0.0,0.0,0.0,0,0.0,0.0,0.0,0.0,0.0,0.0,0.0,0.0,0.0,0.0,0.0,0.0,0.0,0.0,0.0,0.0,0.0,0.0,0.0,0.0,0.0,0.0,0.0,0.0,0.0,0.0,0.0,0.0,0.0,0.0,0.0,0.0,0.0,0.0,0.0,0,0.0,0.0,0.0,1.7,21.2,55.6,112.7,228.3,416.4,604.9,744.6,876.4,997.9,1103.4,1196.6,1276.6,1346.9,1406.9,1453.2,1494.1,1530.4,1567.7,1601.4,1631.3,1658.5,1669.1,1663.4,1656.9,1650.0,1642.6,1635.0,1627.0,1618.8,1610.4,1601.8,0,0.0,0.0,0.1,8.5,59.7,163.5,281.5,335.2,314.4,278.1,267.8,257.3,246.3,235.2,225.1,224.7,225.3,227.1,232.2,236.8,240.9,243.2,244.8,246.2,247.4,248.2,248.5,247.1,245.7,244.3,242.9,241.4,240.0,238.6,237.2,0,0.0,0.4,129.6,323.4,472.7,544.5,564.1,562.0,550.4,532.6,511.9,488.8,467.1,446.8,428.2,412.7,398.8,385.5,372.7,360.8,349.7,340.7,332.2,324.3,316.9,312.0,309.4,307.6,305.7,303.9,302.0,300.2,298.4,296.5,294.7,0,0.0,3.5,37.7,39.9,43.1,45.7,44.7,43.0,40.1,37.4,35.1,33.2,31.7,30.9,30.3,29.8,29.3,28.9,28.6,28.3,28.0,27.6,27.0,26.4,25.8,25.3,25.0,24.8,24.6,24.4,24.3,24.1,23.9,23.8,23.6,0,0.0,0.1,18.0,24.0,24.1,22.5,21.9,20.7,19.7,18.9,18.1,17.5,16.9,15.9,15.0,14.2,13.6,13.1,12.5,12.1,11.6,11.3,11.1,10.9,10.7,10.6,10.6,10.6,10.5,10.5,10.4,10.3,10.3,10.2,10.1,0,0.0,0.0,3.9,2.7,3.3,3.7,3.7,4.0,4.6,5.0,5.2,5.5,5.8,6.1,6.3,6.3,6.3,6.4,6.5,6.6,6.7,6.8,6.8,6.9,6.9,7.0,7.0,7.0,6.9,6.9,6.9,6.8,6.8,6.7,6.7,0,0.0,4.1,196.1,416.5,652.7,878.4,1087.1,1267.7,1437.1,1585.5,1708.2,1821.5,1926.0,2015.8,2096.4,2177.5,2251.7,2317.5,2372.9,2423.4,2469.6,2517.7,2562.0,2602.9,2641.6,2663.7,2669.2,2672.8,2675.9,2678.6,2680.9,2682.9,2684.7,2686.2,2687.5
21001,0,0.0,0.4,57.8,149.4,240.4,334.5,424.6,505.1,577.2,641.8,696.5,748.1,793.8,834.2,869.1,898.2,924.3,947.0,968.5,987.4,1003.9,1018.0,1029.9,1040.1,1048.9,1056.6,1063.6,1070.1,1075.7,1080.5,1084.4,1087.4,1089.8,1091.1,1091.8,0,0,0,0,0,0,0,0,0,0,0,0,0,0,0,0,0,0,0,0,0,0,0,0,0,0,0,0,0,0,0,0,0,0,0,0,0,2.9,8.7,14.2,18.9,22.8,26.1,28.9,31.3,33.4,35.3,36.9,38.3,39.6,40.7,41.8,42.7,43.6,44.3,45.0,45.7,46.3,46.8,47.4,47.8,48.3,48.7,49.1,49.5,49.8,50.1,50.4,50.7,51.0,51.2,51.5,0,0.0,0.0,0.0,0.0,0.0,0.0,0.0,0.0,0.0,0.0,0.0,0.0,0.0,0.0,0.0,0.0,0.0,0.0,0.0,0.0,0.0,0.0,0.0,0.0,0.0,0.0,0.0,0.0,0.0,0.0,0.0,0.0,0.0,0.0,0.0,0,0.0,11.9,77.3,174.9,272.9,374.1,471.7,560.6,641.8,716.5,781.8,845.0,902.4,955.4,1003.5,1045.4,1084.3,1119.8,1154.8,1186.9,1216.2,1242.7,1266.9,1290.5,1312.4,1332.8,1352.5,1371.4,1389.1,1405.8,1421.7,1436.9,1451.3,1464.7,1477.3,0,5.3,48.5,73.0,76.2,76.1,75.7,75.3,74.9,74.5,74.1,73.7,73.4,73.0,72.6,72.2,71.8,71.4,71.0,70.6,70.2,69.8,69.5,69.1,68.7,68.3,67.9,67.5,67.1,66.7,66.3,65.9,65.6,65.2,64.8,64.4,0,0.0,0.0,0.0,0.0,0.0,0.0,0.0,0.0,0.0,0.0,0.0,0.0,0.0,0.0,0.0,0.0,0.0,0.0,0.0,0.0,0.0,0.0,0.0,0.0,0.0,0.0,0.0,0.0,0.0,0.0,0.0,0.0,0.0,0.0,0.0,0,0.0,0.0,0.0,0.0,0.0,0.0,0.0,0.0,0.0,0.0,0.0,0.0,0.0,0.0,0.0,0.0,0.0,0.0,0.0,0.0,0.0,0.0,0.0,0.0,0.0,0.0,0.0,0.0,0.0,0.0,0.0,0.0,0.0,0.0,0.0,0,0.0,0.0,0.0,0.0,0.7,5.1,15.5,28.9,45.8,63.7,80.6,114.8,147.5,183.4,221.8,252.1,279.1,303.7,329.2,352.1,372.6,390.6,406.5,419.2,430.8,441.2,450.3,458.3,465.4,471.9,477.7,482.8,487.4,490.9,493.7,0,0.0,0.0,0.0,0.1,1.3,7.5,23.1,47.9,79.0,113.1,144.4,160.1,173.2,179.2,180.8,185.1,189.6,193.6,196.4,198.9,201.1,202.9,205.1,210.1,214.6,218.7,222.9,227.3,231.3,234.9,238.4,241.7,244.8,248.0,251.0,0,0.0,0.0,11.0,85.6,165.6,238.7,292.9,328.7,349.7,360.6,366.4,367.4,366.7,364.6,359.6,354.4,349.1,343.5,336.7,330.2,324.2,318.5,312.6,305.3,298.5,292.1,286.2,280.6,275.4,270.4,265.5,260.7,256.0,251.4,247.0,0,0.0,0.0,24.3,38.8,49.1,58.3,66.5,73.0,76.8,78.7,79.8,80.3,80.4,80.3,78.7,77.2,75.9,74.9,74.5,74.2,73.8,73.5,73.1,72.5,71.8,71.2,70.6,70.1,69.5,69.0,68.4,67.9,67.4,66.9,66.4,0,0.0,0.0,4.1,14.4,16.0,16.0,15.5,14.8,13.7,13.5,13.6,13.7,13.9,14.1,14.9,15.7,16.3,16.6,16.5,16.3,16.2,16.1,15.9,15.9,15.8,15.8,15.7,15.7,15.7,15.6,15.5,15.2,14.9,14.7,14.4,0,0.0,0.0,1.1,4.2,5.6,7.5,9.5,11.0,11.9,12.3,12.5,13.1,13.7,14.3,15.2,16.0,16.7,17.3,17.8,18.3,18.7,19.1,19.4,19.8,20.1,20.4,20.7,20.9,21.1,21.3,21.5,21.6,21.7,21.8,21.8,0,0.0,0.0,52.7,186.9,313.1,440.1,561.9,673.0,774.0,865.8,945.6,1021.6,1090.1,1151.8,1206.5,1254.1,1297.8,1337.3,1374.9,1409.5,1441.0,1469.4,1495.1,1518.4,1540.0,1560.2,1579.6,1598.4,1616.1,1632.7,1648.3,1662.6,1676.1,1688.3,1699.6
22001,0,0.0,32.9,196.9,386.1,590.2,770.7,931.7,1073.5,1194.8,1296.7,1382.8,1457.5,1520.3,1574.1,1623.9,1669.9,1710.7,1746.0,1773.3,1796.8,1817.6,1835.6,1841.7,1835.5,1828.7,1821.4,1813.6,1805.4,1797.1,1788.5,1779.6,1770.5,1761.2,1751.7,1742.0,0,0,0,0,0,0,0,0,0,0,0,0,0,0,0,0,0,0,0,0,0,0,0,0,0,0,0,0,0,0,0,0,0,0,0,0,0,4.0,12.0,19.2,25.3,30.3,34.5,38.1,41.2,43.8,46.1,48.2,50.0,51.6,53.0,54.3,55.5,56.6,57.5,58.4,59.2,60.0,60.7,61.3,61.9,62.5,63.0,63.5,64.0,64.4,64.8,65.2,65.6,65.9,66.3,66.6,0,0.0,0.0,0.0,0.0,0.0,0.0,0.0,0.0,0.0,0.0,0.0,0.0,0.0,0.0,0.0,0.0,0.0,0.0,0.0,0.0,0.0,0.0,0.0,0.0,0.0,0.0,0.0,0.0,0.0,0.0,0.0,0.0,0.0,0.0,0.0,0,0.3,55.2,228.2,429.5,646.6,842.7,1023.7,1189.8,1341.2,1477.2,1603.4,1719.1,1820.8,1915.3,2004.7,2084.5,2154.3,2217.6,2273.9,2327.0,2376.5,2422.0,2445.9,2451.0,2455.4,2459.2,2462.5,2465.3,2468.2,2470.6,2472.7,2474.5,2476.1,2477.5,2478.6,0,12.7,86.1,95.3,95.1,94.6,94.1,93.7,93.2,92.7,92.2,91.7,91.2,90.7,90.3,89.8,89.3,88.8,88.3,87.8,87.3,86.9,86.4,85.9,85.4,84.9,84.4,84.0,83.5,83.0,82.5,82.0,81.5,81.0,80.6,80.1,0,0.0,0.0,0.0,0.0,0.0,0.0,0.0,0.0,0.0,0.0,0.0,0.0,0.0,0.0,0.0,0.0,0.0,0.0,0.0,0.0,0.0,0.0,0.0,0.0,0.0,0.0,0.0,0.0,0.0,0.0,0.0,0.0,0.0,0.0,0.0,0,0.0,0.0,0.0,0.0,0.0,0.0,0.0,0.0,0.0,0.0,0.0,0.0,0.0,0.0,0.0,0.0,0.0,0.0,0.0,0.0,0.0,0.0,0.0,0.0,0.0,0.0,0.0,0.0,0.0,0.0,0.0,0.0,0.0,0.0,0.0,0,0.0,0.0,0.0,2.7,21.5,54.5,100.9,203.1,325.5,426.1,505.2,576.8,638.8,693.1,739.5,779.1,809.4,835.3,857.2,878.3,897.4,914.1,924.7,923.8,922.3,920.2,917.7,914.8,911.9,908.6,905.1,901.3,897.2,893.0,888.6,0,0.0,0.0,0.1,6.6,42.8,125.9,219.5,261.0,274.4,297.6,334.8,367.8,397.0,425.9,455.7,481.9,506.5,529.1,547.9,563.1,576.7,589.1,590.0,586.7,583.4,580.1,576.8,573.5,570.1,566.8,563.4,560.1,556.7,553.4,550.0,0,0.0,0.9,116.2,275.5,400.4,456.8,473.4,468.9,452.8,429.7,399.1,370.0,343.5,317.2,293.6,275.3,261.5,248.7,236.4,225.0,214.7,205.1,200.7,199.5,198.2,197.0,195.8,194.6,193.3,192.0,190.7,189.5,188.3,187.0,185.8,0,0.0,7.3,49.4,70.7,90.9,100.5,103.7,102.0,99.6,98.7,96.3,94.4,93.0,90.9,88.8,87.4,86.7,86.0,84.4,81.9,79.6,77.4,76.4,75.9,75.4,75.0,74.5,74.0,73.6,73.2,72.7,72.3,71.9,71.4,71.0,0,0.0,0.3,18.3,20.3,19.1,17.5,18.5,20.8,22.2,22.0,22.3,21.3,19.6,17.9,16.4,15.3,14.4,13.6,13.4,13.7,14.0,14.3,14.2,14.2,14.1,14.0,13.9,13.8,13.8,13.7,13.6,13.5,13.4,13.3,13.2,0,0.0,0.1,5.2,8.8,13.7,15.7,17.5,20.7,23.9,26.5,29.0,30.9,32.4,33.1,33.5,34.2,35.3,36.2,36.9,37.5,38.1,38.5,38.5,38.3,38.1,37.8,37.6,37.4,37.2,37.0,36.8,36.5,36.3,36.1,35.9,0,0.0,8.9,198.0,404.3,621.8,818.7,996.6,1155.4,1292.9,1410.7,1512.0,1601.7,1679.8,1748.5,1813.0,1874.0,1929.9,1980.2,2022.1,2060.2,2095.7,2128.3,2147.4,2152.3,2156.6,2160.3,2163.5,2166.2,2168.9,2171.2,2173.2,2174.9,2176.4,2177.7,2178.8
23001,0,0.0,58.5,255.4,486.9,713.0,920.9,1099.4,1250.9,1374.9,1481.0,1568.6,1645.9,1724.4,1787.6,1833.5,1875.0,1895.9,1913.9,1916.5,1914.8,1911.8,1907.7,1898.3,1887.5,1876.8,1866.1,1855.4,1844.7,1834.0,1823.2,1812.5,1801.8,1791.1,1780.4,1769.6,0,0,0,0,0,0,0,0,0,0,0,0,0,0,0,0,0,0,0,0,0,0,0,0,0,0,0,0,0,0,0,0,0,0,0,0,0,4.5,13.3,21.2,27.8,33.2,37.8,41.6,44.9,47.8,50.3,52.5,54.5,56.2,57.8,59.2,60.4,61.6,62.7,63.6,64.5,65.4,66.1,66.8,67.5,68.1,68.7,69.2,69.7,70.2,70.7,71.1,71.5,71.9,72.2,72.6,0,0.0,0.0,0.0,0.0,0.0,0.0,0.0,0.0,0.0,0.0,0.0,0.0,0.0,0.0,0.0,0.0,0.0,0.0,0.0,0.0,0.0,0.0,0.0,0.0,0.0,0.0,0.0,0.0,0.0,0.0,0.0,0.0,0.0,0.0,0.0,0,0.8,81.7,290.1,535.0,776.7,1006.5,1213.1,1402.3,1575.6,1735.5,1876.7,2007.5,2124.0,2225.4,2313.3,2393.0,2432.6,2469.2,2485.5,2496.3,2505.6,2513.7,2515.3,2515.3,2515.3,2515.3,2515.3,2515.3,2515.3,2515.3,2515.3,2515.3,2515.3,2515.3,2515.3,0,16.1,89.9,95.6,95.1,94.6,94.1,93.7,93.2,92.7,92.2,91.7,91.2,90.7,90.3,89.8,89.3,88.8,88.3,87.8,87.3,86.9,86.4,85.9,85.4,84.9,84.4,84.0,83.5,83.0,82.5,82.0,81.5,81.0,80.6,80.1,0,0.0,0.0,0.0,0.0,0.0,0.0,0.0,0.0,0.0,0.0,0.0,0.0,0.0,0.0,0.0,0.0,0.0,0.0,0.0,0.0,0.0,0.0,0.0,0.0,0.0,0.0,0.0,0.0,0.0,0.0,0.0,0.0,0.0,0.0,0.0,0,0.0,0.0,0.0,0.0,0.0,0.0,0.0,0.0,0.0,0.0,0.0,0.0,0.0,0.0,0.0,0.0,0.0,0.0,0.0,0.0,0.0,0.0,0.0,0.0,0.0,0.0,0.0,0.0,0.0,0.0,0.0,0.0,0.0,0.0,0.0,0,0.0,0.0,0.2,9.3,40.1,93.5,217.1,370.4,480.3,578.9,663.3,736.6,795.1,842.2,880.2,915.7,945.1,971.7,981.0,985.3,988.2,990.0,985.9,980.3,974.7,969.2,963.6,958.0,952.5,946.9,941.3,935.8,930.2,924.6,919.1,0,0.0,0.0,0.7,19.9,93.5,213.4,270.0,289.5,342.3,391.8,437.0,481.3,521.9,558.3,588.0,612.3,609.6,606.6,603.3,599.9,596.5,593.1,589.8,586.4,583.1,579.8,576.4,573.1,569.8,566.4,563.1,559.8,556.5,553.1,549.8,0,0.0,10.7,167.4,344.0,447.3,475.4,470.1,446.4,406.7,366.0,327.8,291.8,271.0,251.1,231.5,215.1,210.5,205.9,203.4,201.5,199.7,198.1,196.9,195.7,194.6,193.5,192.4,191.3,190.2,189.1,188.0,186.9,185.7,184.6,183.5,0,0.0,21.2,57.1,81.0,99.2,104.0,101.8,100.5,97.6,95.2,92.5,89.5,88.6,87.1,83.2,79.7,79.0,78.3,77.9,77.4,77.0,76.5,76.1,75.7,75.2,74.8,74.4,73.9,73.5,73.1,72.7,72.2,71.8,71.4,70.9,0,0.0,2.9,19.4,19.6,17.3,18.6,21.8,22.3,22.7,20.9,18.5,16.2,14.8,13.9,14.5,15.0,14.8,14.6,14.5,14.4,14.3,14.2,14.1,14.0,14.0,13.9,13.8,13.7,13.6,13.6,13.5,13.4,13.3,13.2,13.2,0,0.0,1.0,6.1,11.3,15.3,17.4,21.8,25.7,29.3,32.1,33.6,34.4,36.2,37.8,39.0,40.0,39.8,39.6,39.4,39.1,38.9,38.7,38.5,38.3,38.0,37.8,37.6,37.4,37.2,37.0,36.7,36.5,36.3,36.1,35.9,0,0.0,37.2,262.4,510.2,753.3,979.8,1177.3,1346.7,1487.9,1610.5,1714.8,1808.4,1903.9,1983.7,2045.6,2103.2,2138.2,2170.3,2185.3,2195.4,2204.2,2211.8,2213.4,2213.4,2213.4,2213.4,2213.4,2213.4,2213.4,2213.4,2213.4,2213.4,2213.4,2213.4,2213.4
22002,0,0.0,0.0,0.6,19.5,63.1,109.8,155.8,200.0,241.6,281.1,323.4,360.8,393.9,423.8,453.0,480.9,505.5,527.6,548.0,566.4,583.0,598.1,610.7,621.8,632.1,641.5,649.8,657.4,664.7,672.2,679.0,685.1,690.5,695.3,699.6,0,0,0,0,0,0,0,0,0,0,0,0,0,0,0,0,0,0,0,0,0,0,0,0,0,0,0,0,0,0,0,0,0,0,0,0,0,2.2,5.2,8.6,11.7,14.5,16.9,19.0,20.9,22.6,24.2,25.5,26.8,27.9,28.9,29.8,30.6,31.4,32.1,32.7,33.3,33.9,34.4,34.9,35.3,35.7,36.1,36.5,36.8,37.2,37.5,37.8,38.0,38.3,38.6,38.8,0,0.0,0.0,0.0,0.0,0.0,0.0,0.0,0.0,0.0,0.0,0.0,0.0,0.0,0.0,0.0,0.0,0.0,0.0,0.0,0.0,0.0,0.0,0.0,0.0,0.0,0.0,0.0,0.0,0.0,0.0,0.0,0.0,0.0,0.0,0.0,0,0.0,1.0,10.3,35.0,80.7,130.9,181.1,229.9,276.1,320.4,368.0,410.7,449.1,484.3,519.3,553.4,584.0,612.3,639.3,664.3,687.5,709.1,728.7,746.6,764.0,780.2,795.5,809.9,824.2,839.1,853.2,866.5,879.2,891.2,902.6,0,2.0,12.6,35.5,57.3,65.4,67.8,68.3,68.2,67.8,67.5,67.1,66.8,66.4,66.1,65.7,65.4,65.0,64.6,64.3,63.9,63.6,63.2,62.9,62.5,62.2,61.8,61.5,61.1,60.7,60.4,60.0,59.7,59.3,59.0,58.6,0,0.0,0.0,0.0,0.0,0.0,0.0,0.0,0.0,0.0,0.0,0.0,0.0,0.0,0.0,0.0,0.0,0.0,0.0,0.0,0.0,0.0,0.0,0.0,0.0,0.0,0.0,0.0,0.0,0.0,0.0,0.0,0.0,0.0,0.0,0.0,0,0.0,0.0,0.0,0.0,0.0,0.0,0.0,0.0,0.0,0.0,0.0,0.0,0.0,0.0,0.0,0.0,0.0,0.0,0.0,0.0,0.0,0.0,0.0,0.0,0.0,0.0,0.0,0.0,0.0,0.0,0.0,0.0,0.0,0.0,0.0,0,0.0,0.0,0.0,0.0,0.0,0.0,0.1,0.2,0.9,1.6,4.7,7.3,10.9,14.7,18.0,20.8,24.1,26.9,29.3,31.3,33.0,34.5,37.1,40.2,43.4,46.3,49.0,51.3,57.7,69.8,81.1,91.6,101.4,110.6,119.2,0,0.0,0.0,0.0,0.0,0.0,0.0,0.2,0.5,2.8,6.3,12.5,19.6,31.1,41.7,55.0,69.9,83.5,96.6,112.2,126.5,139.7,151.9,162.5,172.0,180.8,188.9,196.4,203.4,206.5,204.4,202.4,200.4,198.5,196.6,194.8,0,0.0,0.0,0.0,0.4,20.2,63.2,109.2,152.8,192.3,227.7,259.9,287.1,305.4,321.2,333.7,343.6,351.4,357.7,360.4,362.7,364.7,366.4,366.4,365.5,364.4,363.3,362.1,360.8,359.2,357.2,355.2,353.3,351.3,349.3,347.3,0,0.0,0.0,0.0,3.7,25.2,27.2,26.6,27.1,27.1,27.2,27.7,27.9,27.8,27.7,27.9,28.3,28.6,28.9,28.7,28.5,28.3,28.1,27.8,27.5,27.2,26.9,26.6,26.4,26.1,25.8,25.6,25.3,25.1,24.8,24.6,0,0.0,0.0,0.0,0.2,3.5,9.5,13.5,14.8,16.1,17.0,16.9,16.8,16.8,16.7,16.5,16.2,15.8,15.6,15.4,15.3,15.2,15.0,14.9,14.8,14.6,14.5,14.4,14.2,14.1,13.8,13.6,13.4,13.2,13.0,12.8,0,0.0,0.0,0.0,0.0,1.5,2.5,2.6,2.4,1.9,1.6,1.6,1.7,1.7,1.8,1.8,1.9,1.9,2.0,2.0,2.0,2.0,2.0,2.0,2.0,2.0,2.0,2.0,2.0,2.0,2.0,2.0,2.1,2.1,2.1,2.1,0,0.0,0.0,0.0,6.1,72.8,148.8,221.8,290.3,355.4,417.1,481.6,539.7,592.8,641.4,689.2,735.5,777.4,816.0,852.2,885.7,916.8,945.6,971.4,994.9,1017.5,1038.6,1058.5,1077.1,1095.7,1114.7,1132.6,1149.6,1165.7,1181.0,1195.6
21003,0,0.0,0.0,0.8,22.3,69.7,119.5,168.7,215.8,259.0,303.4,347.5,386.2,421.1,452.5,484.9,513.4,538.9,562.3,583.5,602.5,619.7,634.6,647.9,659.9,670.6,680.2,688.8,698.1,706.6,714.3,721.3,727.5,733.0,737.9,742.3,0,0,0,0,0,0,0,0,0,0,0,0,0,0,0,0,0,0,0,0,0,0,0,0,0,0,0,0,0,0,0,0,0,0,0,0,0,2.2,5.3,8.8,11.9,14.7,17.2,19.4,21.3,23.1,24.6,26.0,27.2,28.4,29.4,30.3,31.1,31.9,32.6,33.3,33.9,34.5,35.0,35.5,35.9,36.3,36.7,37.1,37.4,37.8,38.1,38.4,38.7,38.9,39.2,39.4,0,0.0,0.0,0.0,0.0,0.0,0.0,0.0,0.0,0.0,0.0,0.0,0.0,0.0,0.0,0.0,0.0,0.0,0.0,0.0,0.0,0.0,0.0,0.0,0.0,0.0,0.0,0.0,0.0,0.0,0.0,0.0,0.0,0.0,0.0,0.0,0,0.0,1.1,11.4,38.5,88.0,141.7,195.4,247.3,295.3,344.9,394.6,438.9,479.3,516.4,555.3,590.2,622.1,652.4,680.5,706.5,730.6,752.7,773.6,793.0,811.1,828.0,843.8,860.8,877.2,892.6,907.2,921.1,934.2,946.7,958.5,0,2.1,13.6,37.9,60.2,68.0,69.9,70.3,70.1,69.8,69.4,69.0,68.7,68.3,67.9,67.6,67.2,66.8,66.5,66.1,65.7,65.4,65.0,64.6,64.3,63.9,63.5,63.2,62.8,62.5,62.1,61.7,61.4,61.0,60.6,60.3,0,0.0,0.0,0.0,0.0,0.0,0.0,0.0,0.0,0.0,0.0,0.0,0.0,0.0,0.0,0.0,0.0,0.0,0.0,0.0,0.0,0.0,0.0,0.0,0.0,0.0,0.0,0.0,0.0,0.0,0.0,0.0,0.0,0.0,0.0,0.0,0,0.0,0.0,0.0,0.0,0.0,0.0,0.0,0.0,0.0,0.0,0.0,0.0,0.0,0.0,0.0,0.0,0.0,0.0,0.0,0.0,0.0,0.0,0.0,0.0,0.0,0.0,0.0,0.0,0.0,0.0,0.0,0.0,0.0,0.0,0.0,0,0.0,0.0,0.0,0.0,0.0,0.0,0.1,0.3,1.1,2.7,5.9,8.8,13.4,17.4,20.8,24.5,28.0,30.9,33.4,35.5,37.3,40.5,44.9,48.7,52.1,55.1,57.8,70.3,83.6,96.0,107.6,118.4,128.4,137.8,146.6,0,0.0,0.0,0.0,0.0,0.0,0.1,0.2,1.0,3.4,8.5,15.0,25.0,37.1,48.4,65.5,80.9,94.9,111.8,127.9,142.8,156.4,168.3,178.9,188.7,197.8,206.2,214.1,213.3,211.1,209.0,206.9,204.9,202.9,201.0,199.1,0,0.0,0.0,0.0,0.7,23.2,71.7,120.7,166.8,207.7,245.1,278.6,304.3,322.7,338.9,350.6,359.9,367.9,371.8,374.6,377.1,379.2,379.4,378.4,377.4,376.3,375.0,373.7,371.8,369.8,367.7,365.7,363.7,361.6,359.6,357.5,0,0.0,0.0,0.0,4.8,28.2,27.7,27.5,28.0,28.0,28.2,28.7,28.8,28.7,28.6,29.1,29.5,29.8,29.7,29.5,29.4,29.2,28.9,28.5,28.2,27.9,27.6,27.3,27.0,26.7,26.4,26.2,25.9,25.7,25.4,25.2,0,0.0,0.0,0.0,0.2,4.0,10.7,14.2,15.5,16.9,17.5,17.4,17.3,17.3,17.2,16.8,16.5,16.1,16.0,15.8,15.7,15.6,15.4,15.3,15.1,15.0,14.8,14.7,14.4,14.2,13.9,13.7,13.5,13.3,13.1,12.9,0,0.0,0.0,0.0,0.0,1.8,2.7,2.6,2.4,1.9,1.7,1.7,1.8,1.8,1.9,1.9,2.0,2.1,2.1,2.1,2.1,2.1,2.1,2.1,2.1,2.1,2.1,2.1,2.1,2.1,2.2,2.2,2.2,2.2,2.2,2.3,0,0.0,0.0,0.0,8.0,80.2,159.3,234.5,305.2,371.2,437.6,503.0,562.1,616.4,666.0,717.4,763.8,806.3,845.9,882.6,916.5,947.9,976.2,1002.6,1027.2,1050.1,1071.5,1091.5,1112.7,1133.0,1152.2,1170.3,1187.4,1203.7,1219.1,1233.8
22003,0,0.0,0.0,18.2,90.6,174.9,261.0,342.9,431.8,509.3,582.2,649.5,712.0,769.5,817.7,858.2,894.6,931.8,965.0,995.1,1022.6,1047.5,1069.7,1089.7,1106.1,1119.0,1130.5,1140.5,1149.3,1157.1,1164.8,1172.7,1179.6,1185.6,1190.8,1195.2,0,0,0,0,0,0,0,0,0,0,0,0,0,0,0,0,0,0,0,0,0,0,0,0,0,0,0,0,0,0,0,0,0,0,0,0,0,2.5,6.7,11.2,15.2,18.7,21.7,24.4,26.7,28.8,30.6,32.2,33.7,35.0,36.2,37.3,38.3,39.1,40.0,40.7,41.4,42.0,42.6,43.2,43.7,44.2,44.6,45.0,45.4,45.8,46.1,46.5,46.8,47.1,47.3,47.6,0,0.0,0.0,0.0,0.0,0.0,0.0,0.0,0.0,0.0,0.0,0.0,0.0,0.0,0.0,0.0,0.0,0.0,0.0,0.0,0.0,0.0,0.0,0.0,0.0,0.0,0.0,0.0,0.0,0.0,0.0,0.0,0.0,0.0,0.0,0.0,0,0.0,4.2,36.0,111.7,202.3,295.3,384.5,481.4,567.0,648.8,725.7,799.0,867.6,928.0,980.8,1029.4,1080.1,1126.6,1169.8,1211.8,1251.2,1287.7,1321.7,1351.9,1378.5,1403.3,1426.5,1448.2,1468.7,1489.5,1510.6,1530.7,1549.7,1567.7,1584.8,0,3.1,26.0,64.4,79.4,81.6,81.5,81.1,80.7,80.3,79.8,79.4,79.0,78.6,78.2,77.7,77.3,76.9,76.5,76.1,75.6,75.2,74.8,74.4,74.0,73.5,73.1,72.7,72.3,71.9,71.4,71.0,70.6,70.2,69.8,69.3,0,0.0,0.0,0.0,0.0,0.0,0.0,0.0,0.0,0.0,0.0,0.0,0.0,0.0,0.0,0.0,0.0,0.0,0.0,0.0,0.0,0.0,0.0,0.0,0.0,0.0,0.0,0.0,0.0,0.0,0.0,0.0,0.0,0.0,0.0,0.0,0,0.0,0.0,0.0,0.0,0.0,0.0,0.0,0.0,0.0,0.0,0.0,0.0,0.0,0.0,0.0,0.0,0.0,0.0,0.0,0.0,0.0,0.0,0.0,0.0,0.0,0.0,0.0,0.0,0.0,0.0,0.0,0.0,0.0,0.0,0.0,0,0.0,0.0,0.0,0.0,0.0,0.4,2.0,8.7,18.9,29.9,41.4,54.0,67.3,82.7,97.8,113.6,158.5,199.2,236.3,278.9,320.4,358.3,393.1,421.8,444.1,464.5,483.1,500.3,516.1,532.4,549.4,565.1,579.7,593.1,605.5,0,0.0,0.0,0.0,0.0,0.1,1.7,7.8,20.4,45.4,76.0,109.9,148.3,185.2,216.7,243.9,266.8,263.1,259.6,256.6,246.9,235.9,225.7,216.2,209.7,206.5,203.6,200.7,197.9,195.2,192.0,188.4,184.9,181.6,178.4,175.4,0,0.0,0.0,0.3,35.1,118.9,202.9,277.7,344.9,387.2,418.3,440.0,451.6,459.1,461.5,461.2,460.4,457.7,455.0,452.2,447.5,442.4,437.4,432.5,427.5,422.2,417.1,412.2,407.6,403.0,398.2,393.1,388.1,383.3,378.6,374.1,0,0.0,0.0,3.0,34.0,32.2,33.2,33.4,34.7,34.9,35.5,36.6,36.7,36.5,35.9,35.4,34.8,34.3,33.8,33.3,32.7,32.1,31.5,31.0,30.5,29.9,29.4,28.9,28.4,27.9,27.5,27.0,26.6,26.2,25.8,25.4,0,0.0,0.0,0.1,5.8,15.8,18.3,20.4,20.3,20.2,19.9,19.2,18.9,18.5,18.2,17.8,17.4,16.8,16.3,15.8,15.5,15.2,15.0,14.7,14.5,14.4,14.2,14.0,13.9,13.7,13.6,13.5,13.4,13.3,13.2,13.1,0,0.0,0.0,0.0,2.4,3.2,2.8,2.1,2.3,2.4,2.6,2.8,2.8,2.8,2.9,2.9,2.8,2.9,3.0,3.0,3.0,3.0,3.0,3.0,3.0,3.0,3.0,3.0,3.0,3.0,3.0,3.0,3.1,3.1,3.1,3.1,0,0.0,0.0,4.1,93.8,207.8,318.2,423.5,534.6,634.3,729.1,818.2,901.6,979.1,1046.4,1104.9,1158.7,1213.8,1264.2,1311.0,1354.4,1394.5,1431.7,1466.2,1496.7,1523.1,1547.8,1570.8,1592.4,1612.7,1633.0,1653.6,1673.1,1691.6,1709.0,1725.6
23003,0,0.0,0.5,64.3,173.4,288.4,412.3,526.0,635.6,737.7,823.8,896.1,968.8,1033.1,1090.6,1141.1,1180.2,1215.4,1247.9,1280.0,1308.5,1333.1,1353.5,1370.9,1386.3,1399.7,1411.7,1424.6,1436.0,1446.0,1454.6,1462.0,1468.4,1472.7,1475.5,1477.5,0,0,0,0,0,0,0,0,0,0,0,0,0,0,0,0,0,0,0,0,0,0,0,0,0,0,0,0,0,0,0,0,0,0,0,0,0,3.0,8.5,14.1,18.9,23.1,26.6,29.7,32.5,34.8,36.9,38.8,40.4,41.9,43.2,44.4,45.5,46.5,47.4,48.3,49.0,49.7,50.4,51.0,51.5,52.0,52.5,53.0,53.4,53.8,54.1,54.5,54.8,55.1,55.4,55.7,0,0.0,0.0,0.0,0.0,0.0,0.0,0.0,0.0,0.0,0.0,0.0,0.0,0.0,0.0,0.0,0.0,0.0,0.0,0.0,0.0,0.0,0.0,0.0,0.0,0.0,0.0,0.0,0.0,0.0,0.0,0.0,0.0,0.0,0.0,0.0,0,0.0,11.0,83.1,199.0,322.2,455.1,578.1,698.8,814.3,915.5,1003.6,1094.5,1177.2,1255.4,1325.9,1385.0,1439.7,1491.5,1543.4,1591.0,1634.3,1672.4,1707.3,1739.7,1769.9,1798.2,1827.5,1855.0,1880.8,1905.1,1928.1,1949.7,1969.6,1987.8,2005.2,0,4.4,39.6,73.3,78.2,78.0,77.6,77.2,76.8,76.4,76.0,75.6,75.2,74.8,74.4,74.0,73.6,73.2,72.8,72.4,72.0,71.6,71.2,70.8,70.4,70.0,69.6,69.2,68.8,68.4,68.0,67.6,67.2,66.8,66.4,66.0,0,0.0,0.0,0.0,0.0,0.0,0.0,0.0,0.0,0.0,0.0,0.0,0.0,0.0,0.0,0.0,0.0,0.0,0.0,0.0,0.0,0.0,0.0,0.0,0.0,0.0,0.0,0.0,0.0,0.0,0.0,0.0,0.0,0.0,0.0,0.0,0,0.0,0.0,0.0,0.0,0.0,0.0,0.0,0.0,0.0,0.0,0.0,0.0,0.0,0.0,0.0,0.0,0.0,0.0,0.0,0.0,0.0,0.0,0.0,0.0,0.0,0.0,0.0,0.0,0.0,0.0,0.0,0.0,0.0,0.0,0.0,0,0.0,0.0,0.0,0.0,1.0,7.6,22.4,41.2,65.4,93.6,125.6,207.9,286.3,372.4,449.4,505.1,555.8,603.7,652.6,696.6,735.7,770.5,801.6,829.7,855.2,878.3,897.9,915.7,931.8,946.4,959.6,971.6,980.9,988.1,994.6,0,0.0,0.0,0.0,0.2,3.6,19.0,54.4,108.0,169.2,223.1,265.6,262.0,254.4,234.9,217.2,211.6,206.3,200.8,194.1,187.9,182.1,176.4,171.6,167.1,162.9,159.1,158.3,157.5,156.7,155.9,155.2,154.4,154.5,155.1,155.7,0,0.0,0.0,19.0,119.5,230.6,329.6,392.4,429.1,446.0,451.7,451.9,447.9,442.9,435.0,427.2,418.2,409.6,400.8,391.3,382.5,374.2,366.0,357.9,350.2,343.0,336.2,330.5,325.1,319.9,314.9,310.1,305.5,300.8,296.0,291.4,0,0.0,0.0,25.3,31.1,32.1,34.0,34.5,36.2,36.3,35.6,34.8,33.9,32.9,31.6,30.2,28.9,27.8,27.0,26.3,25.7,25.1,24.8,24.5,24.2,23.9,23.7,23.5,23.3,23.1,22.9,22.8,22.6,22.4,22.2,22.0,0,0.0,0.0,3.4,15.4,18.7,19.5,19.5,18.5,17.9,17.5,17.0,16.1,15.5,15.1,14.8,14.6,14.4,14.1,13.8,13.6,13.3,13.0,12.7,12.4,12.2,11.9,11.7,11.5,11.4,11.2,11.0,10.8,10.6,10.4,10.3,0,0.0,0.0,1.4,3.1,2.4,2.3,2.6,2.9,2.9,2.9,2.9,3.0,3.2,3.3,3.4,3.5,3.6,3.6,3.7,3.8,3.9,3.9,4.0,4.1,4.1,4.2,4.2,4.2,4.3,4.3,4.3,4.3,4.3,4.3,4.4,0,0.0,0.0,62.2,215.8,369.4,530.6,680.8,827.7,965.2,1084.1,1186.8,1290.3,1383.2,1467.3,1542.8,1605.0,1662.3,1716.1,1769.6,1818.4,1862.6,1901.7,1937.2,1970.1,2000.6,2029.4,2059.6,2087.9,2114.4,2139.4,2162.8,2185.0,2204.5,2221.9,2238.4
22004,0,0.0,2.3,86.6,208.3,322.9,449.1,563.9,661.4,751.8,828.2,898.8,961.3,1015.5,1062.4,1102.5,1137.2,1169.2,1197.5,1222.3,1243.1,1261.1,1277.0,1291.0,1304.2,1315.6,1325.3,1333.7,1340.9,1346.9,1351.3,1354.9,1357.7,1359.7,1360.6,1361.0,0,0,0,0,0,0,0,0,0,0,0,0,0,0,0,0,0,0,0,0,0,0,0,0,0,0,0,0,0,0,0,0,0,0,0,0,0,3.1,9.3,15.1,20.0,24.0,27.4,30.2,32.7,34.8,36.7,38.3,39.8,41.1,42.2,43.3,44.2,45.1,45.9,46.6,47.3,47.9,48.5,49.0,49.5,50.0,50.4,50.8,51.2,51.5,51.9,52.2,52.5,52.8,53.1,53.3,0,0.0,0.0,0.0,0.0,0.0,0.0,0.0,0.0,0.0,0.0,0.0,0.0,0.0,0.0,0.0,0.0,0.0,0.0,0.0,0.0,0.0,0.0,0.0,0.0,0.0,0.0,0.0,0.0,0.0,0.0,0.0,0.0,0.0,0.0,0.0,0,0.0,19.6,111.8,241.8,365.4,500.5,625.5,733.6,836.2,925.7,1010.8,1087.8,1158.7,1222.0,1278.5,1331.0,1380.5,1426.0,1467.8,1508.0,1544.8,1578.8,1610.4,1640.6,1669.8,1697.3,1723.1,1747.3,1770.0,1791.0,1810.8,1829.6,1847.6,1865.1,1881.7,0,8.0,67.7,92.7,94.9,94.6,94.1,93.7,93.2,92.7,92.2,91.7,91.2,90.7,90.3,89.8,89.3,88.8,88.3,87.8,87.3,86.9,86.4,85.9,85.4,84.9,84.4,84.0,83.5,83.0,82.5,82.0,81.5,81.0,80.6,80.1,0,0.0,0.0,0.0,0.0,0.0,0.0,0.0,0.0,0.0,0.0,0.0,0.0,0.0,0.0,0.0,0.0,0.0,0.0,0.0,0.0,0.0,0.0,0.0,0.0,0.0,0.0,0.0,0.0,0.0,0.0,0.0,0.0,0.0,0.0,0.0,0,0.0,0.0,0.0,0.0,0.0,0.0,0.0,0.0,0.0,0.0,0.0,0.0,0.0,0.0,0.0,0.0,0.0,0.0,0.0,0.0,0.0,0.0,0.0,0.0,0.0,0.0,0.0,0.0,0.0,0.0,0.0,0.0,0.0,0.0,0.0,0,0.0,0.0,0.0,0.1,0.9,6.6,17.8,31.5,48.5,65.8,101.1,138.1,187.5,232.9,269.6,304.8,338.7,369.4,396.4,417.2,435.7,452.4,467.5,480.7,492.3,502.8,512.2,520.6,527.9,533.7,538.8,543.3,547.3,550.7,553.6,0,0.0,0.0,0.0,0.1,2.2,13.6,37.8,77.8,125.9,171.8,203.0,226.3,235.8,243.3,253.4,262.3,269.5,275.8,282.4,294.7,305.8,315.9,325.0,334.2,343.4,352.1,360.1,367.4,374.2,381.0,387.2,392.9,398.3,403.8,408.7,0,0.0,0.0,19.9,121.3,220.3,310.3,374.8,412.7,434.0,445.3,447.4,448.0,442.5,436.0,429.1,419.6,410.1,401.1,392.2,380.1,368.8,358.2,348.4,339.4,330.7,322.3,314.3,306.7,299.5,292.4,285.7,279.3,272.9,266.4,260.2,0,0.0,0.0,37.3,55.9,69.4,85.8,98.2,105.6,109.6,111.8,112.6,113.1,111.3,109.0,106.9,106.5,106.1,105.7,105.2,104.1,103.1,102.2,101.2,100.3,99.5,98.7,97.9,97.2,96.4,95.7,94.9,94.2,93.4,92.5,91.6,0,0.0,0.0,7.3,18.3,20.0,18.7,18.3,16.5,16.2,16.5,17.0,17.5,19.0,20.4,21.8,21.7,21.5,21.4,21.2,21.3,21.3,21.3,21.3,21.4,21.0,20.5,20.0,19.5,19.1,18.6,18.2,17.8,17.5,17.0,16.7,0,0.0,0.0,2.0,6.0,8.4,12.2,15.2,16.7,17.6,18.1,19.3,20.4,22.0,23.5,24.9,26.0,27.0,27.8,28.6,29.4,30.2,30.8,31.4,31.9,32.3,32.7,32.9,33.2,33.4,33.6,33.8,33.9,34.0,33.9,33.9,0,0.0,0.0,69.5,211.9,339.5,475.1,600.1,709.2,811.0,899.4,981.9,1056.1,1121.8,1180.1,1231.7,1277.6,1320.7,1360.1,1395.8,1427.3,1456.2,1482.8,1507.5,1531.4,1553.5,1573.9,1593.0,1610.9,1627.5,1642.5,1656.6,1669.9,1682.3,1693.6,1704.2
22005,0,0.0,7.7,137.8,309.9,496.3,679.3,852.6,1012.4,1140.5,1267.2,1378.8,1475.7,1553.4,1622.8,1689.0,1747.1,1795.4,1837.6,1874.6,1912.3,1946.0,1976.2,2002.4,2021.7,2038.4,2052.8,2065.1,2075.5,2087.7,2098.5,2107.6,2115.3,2121.6,2126.6,2130.5,0,0,0,0,0,0,0,0,0,0,0,0,0,0,0,0,0,0,0,0,0,0,0,0,0,0,0,0,0,0,0,0,0,0,0,0,0,3.5,10.0,16.2,21.6,26.2,30.1,33.5,36.4,39.0,41.2,43.2,44.9,46.5,47.9,49.2,50.4,51.4,52.3,53.2,54.0,54.7,55.4,56.0,56.6,57.1,57.6,58.1,58.5,58.9,59.3,59.7,60.0,60.4,60.7,61.0,0,0.0,0.0,0.0,0.0,0.0,0.0,0.0,0.0,0.0,0.0,0.0,0.0,0.0,0.0,0.0,0.0,0.0,0.0,0.0,0.0,0.0,0.0,0.0,0.0,0.0,0.0,0.0,0.0,0.0,0.0,0.0,0.0,0.0,0.0,0.0,0,0.0,27.3,164.0,347.4,546.1,742.2,931.9,1112.4,1264.1,1417.9,1560.6,1689.1,1798.8,1899.4,1997.8,2087.1,2164.1,2233.8,2297.6,2361.7,2421.2,2476.6,2528.0,2573.3,2615.2,2654.3,2690.8,2724.8,2760.0,2793.2,2824.6,2854.1,2882.0,2908.4,2933.4,0,7.7,65.3,96.3,98.1,97.6,97.1,96.6,96.1,95.6,95.1,94.6,94.1,93.6,93.1,92.6,92.1,91.6,91.1,90.6,90.1,89.6,89.1,88.6,88.1,87.6,87.1,86.6,86.1,85.6,85.1,84.6,84.1,83.6,83.1,82.6,0,0.0,0.0,0.0,0.0,0.0,0.0,0.0,0.0,0.0,0.0,0.0,0.0,0.0,0.0,0.0,0.0,0.0,0.0,0.0,0.0,0.0,0.0,0.0,0.0,0.0,0.0,0.0,0.0,0.0,0.0,0.0,0.0,0.0,0.0,0.0,0,0.0,0.0,0.0,0.0,0.0,0.0,0.0,0.0,0.0,0.0,0.0,0.0,0.0,0.0,0.0,0.0,0.0,0.0,0.0,0.0,0.0,0.0,0.0,0.0,0.0,0.0,0.0,0.0,0.0,0.0,0.0,0.0,0.0,0.0,0.0,0,0.0,0.0,0.0,0.3,7.0,28.7,59.8,104.9,162.7,303.2,456.2,597.4,703.3,799.7,894.4,978.5,1052.2,1118.2,1177.3,1227.4,1272.1,1312.5,1348.5,1375.3,1399.2,1420.5,1439.4,1456.3,1474.4,1490.9,1505.6,1518.7,1530.3,1540.5,1549.5,0,0.0,0.0,0.0,1.9,21.1,77.4,168.0,265.6,339.0,334.3,307.2,278.5,269.4,260.2,250.0,241.2,232.4,224.0,216.4,215.2,214.5,213.9,213.8,216.9,219.6,222.0,224.2,226.1,227.0,227.7,228.2,228.6,228.9,229.2,229.3,0,0.0,0.0,70.8,240.1,398.1,501.2,552.6,570.7,571.4,565.5,553.5,539.9,523.7,508.1,490.7,474.4,458.8,444.6,431.3,420.6,410.7,401.4,392.2,382.4,373.2,364.4,356.2,348.4,342.1,336.2,330.6,325.2,320.0,315.0,310.2,0,0.0,0.5,40.0,40.3,42.5,44.1,46.2,45.5,44.1,42.7,40.1,37.8,36.0,34.5,33.3,32.1,31.5,30.9,30.4,30.1,29.8,29.6,29.2,28.9,28.5,28.1,27.8,27.4,27.1,26.8,26.5,26.2,25.9,25.6,25.3,0,0.0,0.0,11.0,21.9,24.5,24.3,22.9,22.3,21.5,20.2,19.6,19.1,18.5,17.9,17.5,17.0,16.5,15.9,15.2,14.7,14.3,13.9,13.5,13.1,12.8,12.5,12.2,11.9,11.7,11.5,11.3,11.1,10.9,10.7,10.6,0,0.0,0.0,3.5,3.5,2.9,3.4,3.7,3.8,3.8,4.1,4.5,4.8,4.9,5.0,5.2,5.4,5.6,5.8,5.9,6.0,6.1,6.2,6.2,6.2,6.2,6.1,6.1,6.1,6.2,6.2,6.2,6.2,6.2,6.2,6.3,0,0.0,0.6,127.2,314.0,508.6,699.7,883.7,1054.4,1195.8,1336.1,1460.7,1571.0,1663.0,1746.9,1827.2,1899.7,1962.8,2020.2,2072.4,2125.5,2174.8,2220.6,2262.5,2297.2,2329.3,2359.2,2386.9,2412.8,2441.2,2468.2,2493.6,2517.5,2540.1,2561.4,2581.6
22006,0,0.0,0.0,0.0,0.0,0.0,0.8,5.8,13.9,23.4,35.9,47.0,56.7,65.5,73.9,81.8,88.6,94.6,99.9,104.7,108.9,112.5,115.6,118.4,120.7,122.8,124.7,126.4,128.2,129.7,130.9,132.0,133.0,133.7,134.4,134.9,0,0,0,0,0,0,0,0,0,0,0,0,0,0,0,0,0,0,0,0,0,0,0,0,0,0,0,0,0,0,0,0,0,0,0,0,0,1.5,2.8,4.4,6.0,7.4,8.8,10.0,11.0,12.0,12.9,13.6,14.3,14.9,15.4,15.9,16.3,16.7,17.0,17.3,17.6,17.9,18.1,18.3,18.4,18.6,18.7,18.9,19.0,19.1,19.2,19.3,19.4,19.5,19.5,19.6,0,0.0,0.0,0.0,0.0,0.0,0.0,0.0,0.0,0.0,0.0,0.0,0.0,0.0,0.0,0.0,0.0,0.0,0.0,0.0,0.0,0.0,0.0,0.0,0.0,0.0,0.0,0.0,0.0,0.0,0.0,0.0,0.0,0.0,0.0,0.0,0,0.0,0.0,0.2,1.4,4.5,10.1,17.9,27.3,37.6,51.1,63.3,74.1,84.1,93.8,103.1,111.4,118.8,125.4,131.6,137.0,142.0,146.4,150.4,154.0,157.2,160.3,163.2,166.2,168.9,171.4,173.7,175.8,177.7,179.5,181.2,0,0.8,2.8,7.4,14.6,23.6,32.9,40.7,46.7,50.4,51.8,52.8,53.7,54.3,54.5,54.4,54.3,54.2,54.1,53.9,53.7,53.5,53.2,53.0,52.7,52.5,52.2,51.9,51.6,51.3,51.0,50.7,50.4,50.1,49.8,49.5,0,0.0,0.0,0.0,0.0,0.0,0.0,0.0,0.0,0.0,0.0,0.0,0.0,0.0,0.0,0.0,0.0,0.0,0.0,0.0,0.0,0.0,0.0,0.0,0.0,0.0,0.0,0.0,0.0,0.0,0.0,0.0,0.0,0.0,0.0,0.0,0,0.0,0.0,0.0,0.0,0.0,0.0,0.0,0.0,0.0,0.0,0.0,0.0,0.0,0.0,0.0,0.0,0.0,0.0,0.0,0.0,0.0,0.0,0.0,0.0,0.0,0.0,0.0,0.0,0.0,0.0,0.0,0.0,0.0,0.0,0.0,0,0.0,0.0,0.0,0.0,0.0,0.0,0.0,0.0,0.0,0.0,0.0,0.0,0.0,0.0,0.0,0.0,0.0,0.0,0.0,0.0,0.0,0.0,0.0,0.0,0.0,0.0,0.0,0.0,0.0,0.0,0.0,0.1,0.1,0.1,0.1,0,0.0,0.0,0.0,0.0,0.0,0.0,0.0,0.0,0.0,0.0,0.0,0.0,0.0,0.0,0.0,0.0,0.0,0.0,0.0,0.0,0.0,0.1,0.1,0.1,0.1,0.1,0.2,0.3,0.4,0.5,0.6,0.6,0.7,0.8,0.8,0,0.0,0.0,0.0,0.0,0.0,0.0,0.0,0.1,0.8,8.7,16.1,22.5,29.2,37.0,45.3,52.4,58.7,64.3,69.3,73.7,77.6,80.9,83.9,86.4,88.7,90.8,92.7,94.6,96.2,97.7,98.9,100.0,100.9,101.7,102.4,0,0.0,0.0,0.0,0.0,0.0,0.0,0.3,1.8,7.6,11.8,15.4,18.5,20.4,20.8,20.3,19.9,19.5,19.2,19.0,18.8,18.6,18.5,18.3,18.2,18.1,17.9,17.7,17.6,17.4,17.3,17.2,17.0,16.9,16.8,16.6,0,0.0,0.0,0.0,0.0,0.0,0.0,0.0,0.0,0.1,1.2,2.3,3.1,4.1,5.1,6.2,7.2,8.0,8.7,9.2,9.6,10.0,10.3,10.5,10.8,10.9,11.1,11.2,11.2,11.1,11.1,11.0,11.0,11.0,10.9,10.9,0,0.0,0.0,0.0,0.0,0.0,0.0,0.0,0.0,0.0,0.7,1.3,1.9,2.4,2.6,2.5,2.4,2.4,2.3,2.2,2.2,2.1,2.0,1.9,1.9,1.8,1.8,1.7,1.7,1.7,1.7,1.7,1.7,1.7,1.7,1.7,0,0.0,0.0,0.0,0.0,0.0,0.0,0.5,3.4,15.0,39.4,61.8,81.6,99.8,117.3,133.7,148.4,161.4,173.0,183.6,193.0,201.5,209.1,215.9,222.1,227.7,233.0,237.9,242.8,247.3,251.4,255.1,258.6,261.8,264.7,267.5
22007,0,0.0,0.2,48.4,142.4,244.0,347.6,451.4,546.9,635.4,718.9,786.6,845.3,904.4,956.6,1004.0,1045.8,1080.4,1108.4,1133.9,1157.4,1181.2,1202.4,1221.1,1237.7,1251.0,1262.7,1272.7,1281.3,1288.7,1295.3,1302.7,1309.1,1314.6,1319.2,1323.0,0,0,0,0,0,0,0,0,0,0,0,0,0,0,0,0,0,0,0,0,0,0,0,0,0,0,0,0,0,0,0,0,0,0,0,0,0,3.0,8.1,13.4,18.0,22.0,25.4,28.4,31.0,33.3,35.3,37.1,38.7,40.2,41.5,42.6,43.7,44.7,45.5,46.4,47.1,47.8,48.4,49.0,49.5,50.0,50.5,51.0,51.4,51.8,52.1,52.5,52.8,53.1,53.4,53.7,0,0.0,0.0,0.0,0.0,0.0,0.0,0.0,0.0,0.0,0.0,0.0,0.0,0.0,0.0,0.0,0.0,0.0,0.0,0.0,0.0,0.0,0.0,0.0,0.0,0.0,0.0,0.0,0.0,0.0,0.0,0.0,0.0,0.0,0.0,0.0,0,0.0,8.4,65.9,165.3,274.2,385.7,497.9,602.7,701.8,797.6,879.1,951.9,1026.9,1094.7,1160.0,1219.4,1271.2,1316.0,1358.0,1397.9,1438.7,1476.3,1511.2,1543.6,1571.9,1598.2,1622.6,1645.5,1667.0,1687.6,1709.1,1729.3,1748.5,1766.6,1783.9,0,3.9,34.0,67.6,74.0,74.1,73.8,73.4,73.0,72.6,72.2,71.9,71.5,71.1,70.7,70.3,70.0,69.6,69.2,68.8,68.4,68.1,67.7,67.3,66.9,66.5,66.2,65.8,65.4,65.0,64.6,64.3,63.9,63.5,63.1,62.7,0,0.0,0.0,0.0,0.0,0.0,0.0,0.0,0.0,0.0,0.0,0.0,0.0,0.0,0.0,0.0,0.0,0.0,0.0,0.0,0.0,0.0,0.0,0.0,0.0,0.0,0.0,0.0,0.0,0.0,0.0,0.0,0.0,0.0,0.0,0.0,0,0.0,0.0,0.0,0.0,0.0,0.0,0.0,0.0,0.0,0.0,0.0,0.0,0.0,0.0,0.0,0.0,0.0,0.0,0.0,0.0,0.0,0.0,0.0,0.0,0.0,0.0,0.0,0.0,0.0,0.0,0.0,0.0,0.0,0.0,0.0,0,0.0,0.0,0.0,0.0,0.4,4.1,14.6,29.4,46.2,67.1,91.4,118.9,186.5,247.2,318.6,382.7,435.6,477.0,515.1,550.9,588.5,622.6,653.6,681.7,706.7,729.4,750.0,768.5,785.3,800.5,813.4,825.2,835.8,845.5,854.2,0,0.0,0.0,0.0,0.1,1.8,12.0,36.5,75.2,122.3,173.4,216.4,249.8,246.3,242.8,226.5,211.4,201.4,196.8,192.4,188.0,182.5,177.3,172.4,167.8,163.2,158.9,154.7,151.0,147.7,144.9,144.1,143.3,142.5,141.7,140.9,0,0.0,0.0,11.7,91.6,190.7,279.8,347.0,388.4,413.0,424.6,426.8,426.6,423.4,419.8,412.9,406.6,399.6,392.4,385.4,378.5,370.8,363.5,356.6,350.0,343.4,337.2,331.2,325.5,319.9,314.6,310.0,305.7,301.5,297.4,293.5,0,0.0,0.0,18.0,29.0,30.4,31.3,32.4,33.3,34.3,34.1,33.4,32.7,32.0,31.2,30.3,29.3,28.2,27.2,26.3,25.5,24.8,24.3,23.8,23.4,23.1,22.9,22.7,22.5,22.3,22.0,21.9,21.7,21.6,21.4,21.2,0,0.0,0.0,2.1,13.3,16.8,18.6,18.4,18.1,17.3,16.9,16.5,16.0,15.3,14.6,14.3,14.0,13.8,13.6,13.5,13.3,13.1,12.9,12.7,12.5,12.2,12.0,11.7,11.5,11.3,11.1,11.0,10.8,10.7,10.5,10.4,0,0.0,0.0,0.9,3.1,2.6,2.0,2.3,2.5,2.7,2.8,2.7,2.7,2.8,2.9,3.0,3.0,3.1,3.2,3.2,3.3,3.4,3.4,3.5,3.5,3.5,3.6,3.6,3.6,3.7,3.7,3.7,3.8,3.8,3.8,3.8,0,0.0,0.0,43.8,184.1,327.4,471.5,614.9,749.2,875.5,995.1,1095.5,1184.6,1274.6,1355.7,1429.7,1496.7,1554.7,1604.3,1650.6,1694.2,1738.3,1779.0,1816.6,1851.4,1882.1,1910.5,1936.8,1961.4,1984.3,2006.3,2029.5,2051.5,2072.2,2091.8,2110.5
22008,0,0.0,0.0,0.0,0.0,0.2,2.2,5.7,11.1,16.9,22.1,27.5,32.4,36.8,40.9,44.8,48.5,51.9,54.9,57.8,60.6,63.1,65.3,67.4,69.2,70.9,72.6,74.4,76.0,77.5,78.9,80.1,81.3,82.3,83.2,84.1,0,0,0,0,0,0,0,0,0,0,0,0,0,0,0,0,0,0,0,0,0,0,0,0,0,0,0,0,0,0,0,0,0,0,0,0,0,0.5,1.0,1.5,2.1,2.6,3.0,3.5,3.8,4.2,4.5,4.7,5.0,5.2,5.4,5.6,5.8,5.9,6.1,6.2,6.3,6.4,6.5,6.6,6.7,6.8,6.9,6.9,7.0,7.1,7.1,7.2,7.3,7.3,7.4,7.4,0,0.0,0.0,0.0,0.0,0.0,0.0,0.0,0.0,0.0,0.0,0.0,0.0,0.0,0.0,0.0,0.0,0.0,0.0,0.0,0.0,0.0,0.0,0.0,0.0,0.0,0.0,0.0,0.0,0.0,0.0,0.0,0.0,0.0,0.0,0.0,0,0.0,0.0,1.1,4.1,10.2,18.9,31.4,46.2,61.5,75.6,90.1,103.0,115.1,127.4,138.3,148.2,156.9,164.6,171.8,178.5,184.4,189.7,194.4,198.7,202.5,206.1,209.8,213.1,216.1,219.0,221.6,224.0,226.2,228.3,230.3,0,2.3,7.4,16.4,26.5,36.2,44.4,50.5,54.6,57.2,59.3,60.3,61.0,61.6,61.9,62.0,62.1,62.1,62.0,61.9,61.7,61.4,61.1,60.9,60.6,60.3,60.0,59.7,59.4,59.0,58.7,58.4,58.0,57.7,57.4,57.0,0,0.0,0.0,0.0,0.0,0.0,0.0,0.0,0.0,0.0,0.0,0.0,0.0,0.0,0.0,0.0,0.0,0.0,0.0,0.0,0.0,0.0,0.0,0.0,0.0,0.0,0.0,0.0,0.0,0.0,0.0,0.0,0.0,0.0,0.0,0.0,0,0.0,0.0,0.0,0.0,0.0,0.0,0.0,0.0,0.0,0.0,0.0,0.0,0.0,0.0,0.0,0.0,0.0,0.0,0.0,0.0,0.0,0.0,0.0,0.0,0.0,0.0,0.0,0.0,0.0,0.0,0.0,0.0,0.0,0.0,0.0,0,0.0,0.0,0.0,0.0,0.0,0.0,0.0,0.0,0.0,0.0,0.0,0.0,0.0,0.0,0.0,0.0,0.0,0.0,0.1,0.1,0.1,0.1,0.1,0.1,0.1,0.1,0.1,0.1,0.1,0.1,0.1,0.1,0.1,0.1,0.1,0,0.0,0.0,0.0,0.0,0.0,0.0,0.0,0.0,0.0,0.0,0.0,0.0,0.0,0.0,0.0,0.0,0.1,0.1,0.2,0.3,0.5,0.6,0.7,0.9,1.0,1.2,1.5,1.8,2.1,2.4,2.7,2.9,3.2,3.4,3.6,0,0.0,0.0,0.0,0.0,0.0,0.0,0.1,2.3,5.5,8.3,13.7,18.8,23.3,27.6,31.5,35.3,38.7,41.8,44.8,47.5,50.0,52.3,54.3,56.2,57.9,59.4,60.9,62.2,63.5,64.6,65.6,66.5,67.4,68.1,68.8,0,0.0,0.0,0.0,0.0,0.0,0.2,1.1,3.7,6.2,8.4,8.3,8.0,7.7,7.5,7.4,7.4,7.4,7.3,7.3,7.2,7.1,7.0,6.9,6.8,6.7,6.7,6.6,6.6,6.6,6.5,6.5,6.5,6.4,6.4,6.4,0,0.0,0.0,0.0,0.0,0.0,0.0,0.0,0.4,0.8,1.2,2.0,2.7,3.3,3.7,4.0,4.1,4.2,4.3,4.4,4.4,4.4,4.5,4.5,4.5,4.5,4.6,4.5,4.5,4.5,4.5,4.4,4.4,4.4,4.4,4.4,0,0.0,0.0,0.0,0.0,0.0,0.0,0.0,0.2,0.4,0.6,0.7,0.8,0.8,0.8,0.7,0.7,0.7,0.6,0.6,0.6,0.6,0.6,0.6,0.6,0.5,0.5,0.5,0.5,0.5,0.5,0.5,0.5,0.5,0.5,0.5,0,0.0,0.0,0.0,0.0,0.0,0.3,1.7,9.2,18.5,26.9,35.8,44.0,51.4,58.3,64.7,70.8,76.4,81.6,86.6,91.4,95.9,100.0,103.8,107.4,110.7,114.0,117.5,120.7,123.8,126.7,129.4,132.0,134.5,136.8,139.0
