AU,Age,Yield,Height,DBHq,TPH,GrossYield,CrownCover,Logs_Grade_D,Logs_Grade_F,Logs_Grade_H,Logs_Grade_I,Logs_Grade_J,Logs_Grade_U,Logs_Grade_X,Logs_Grade_Y,Logs_Grade_All
21000,0,0.0,0.0,,,0.0,0.0,0.0,0.0,0.0,0.0,0.0,0.0,0.0,0.0,0.0
21000,10,0.0,3.0,,,0.0,4.7,0.0,0.0,0.0,0.0,0.0,0.0,0.0,0.0,0.0
21000,20,0.2,8.1,,,10.1,40.7,0.0,0.0,0.0,0.0,0.0,0.0,0.0,0.0,0.0
21000,30,58.0,13.4,,,78.9,80.9,0.0,0.0,0.0,0.0,14.0,21.6,2.6,1.0,43.8
21000,40,170.5,18.0,,,197.9,88.6,0.0,0.0,0.0,0.1,109.7,34.8,16.0,3.7,184.1
21000,50,292.1,22.0,,,328.4,88.8,0.0,0.0,0.5,2.2,228.4,36.4,20.1,3.1,327.4
21000,60,416.2,25.4,,,461.9,88.3,0.0,0.0,4.9,14.4,335.1,37.5,22.2,2.4,471.5
21000,70,540.5,28.4,,,596.2,87.9,0.0,0.0,17.5,43.7,415.4,38.8,22.1,2.8,614.9
21000,80,654.8,31.0,,,721.7,87.4,0.0,0.0,35.2,90.0,465.1,39.9,21.6,3.1,749.2
21000,90,760.8,33.3,,,840.3,87.0,0.0,0.0,55.3,146.4,494.6,41.0,20.7,3.3,875.5
21000,100,860.8,35.3,,,955.0,86.5,0.0,0.0,80.3,207.7,508.4,40.9,20.2,3.3,995.1
21000,110,941.8,37.1,,,1052.6,86.0,0.0,0.0,109.4,259.1,511.1,40.0,19.7,3.3,1095.5
21000,120,1012.1,38.7,,,1139.8,85.6,0.0,0.0,142.4,299.1,510.8,39.2,19.2,3.2,1184.6
21000,130,1082.9,40.2,,,1229.6,85.1,0.0,0.0,223.3,294.9,506.9,38.3,18.3,3.4,1274.6
21000,140,1145.4,41.5,,,1310.8,84.7,0.0,0.0,296.0,290.8,502.7,37.4,17.5,3.5,1355.7
21000,150,1202.1,42.6,,,1389.0,84.2,0.0,0.0,381.4,271.3,494.5,36.3,17.1,3.6,1429.7
21000,160,1252.2,43.7,,,1460.0,83.8,0.0,0.0,458.3,253.2,486.8,35.1,16.7,3.6,1496.7
21000,170,1293.7,44.7,,,1522.1,83.3,0.0,0.0,521.6,241.1,478.5,33.8,16.5,3.7,1554.7
21000,180,1327.2,45.5,,,1575.7,82.9,0.0,0.0,571.1,235.6,469.9,32.5,16.3,3.8,1604.3
21000,190,1357.7,46.4,,,1626.1,82.4,0.0,0.0,616.8,230.4,461.5,31.4,16.1,3.9,1650.6
21000,200,1385.8,47.1,,,1673.8,81.9,0.0,0.0,659.7,225.1,453.2,30.5,15.9,3.9,1694.2
21000,210,1414.4,47.8,,,1722.6,81.5,0.0,0.0,704.6,218.5,444.0,29.8,15.7,4.0,1738.3
21000,220,1439.7,48.4,,,1767.7,81.0,0.0,0.0,745.5,212.3,435.2,29.1,15.4,4.1,1779.0
21000,230,1462.1,49.0,,,1809.5,80.6,0.0,0.0,782.5,206.4,426.9,28.5,15.2,4.1,1816.6
21000,240,1482.0,49.5,,,1848.3,80.1,0.0,0.0,816.2,201.0,419.1,28.0,15.0,4.2,1851.4
21000,250,1498.0,50.0,,,1882.2,79.7,0.0,0.0,846.2,195.4,411.2,27.7,14.6,4.2,1882.1
21000,260,1511.9,50.5,,,1913.6,79.2,0.0,0.0,873.4,190.2,403.7,27.4,14.3,4.3,1910.5
21000,270,1523.8,51.0,,,1942.9,78.8,0.0,0.0,898.0,185.3,396.6,27.2,14.1,4.3,1936.8
21000,280,1534.2,51.4,,,1970.2,78.3,0.0,0.0,920.2,180.8,389.7,26.9,13.8,4.4,1961.4
21000,290,1543.0,51.8,,,1996.1,77.9,0.0,0.0,940.3,176.9,383.0,26.7,13.5,4.4,1984.3
21000,300,1551.0,52.1,,,2020.7,77.4,0.0,0.0,958.5,173.5,376.7,26.4,13.3,4.4,2006.3
21000,310,1559.9,52.5,,,2046.4,76.9,0.0,0.0,974.0,172.5,371.2,26.2,13.1,4.5,2029.5
21000,320,1567.5,52.8,,,2070.6,76.5,0.0,0.0,988.0,171.6,366.0,26.0,13.0,4.5,2051.5
21000,330,1574.1,53.1,,,2093.6,76.0,0.0,0.0,1000.8,170.6,361.0,25.8,12.8,4.5,2072.2
21000,340,1579.6,53.4,,,2115.3,75.6,0.0,0.0,1012.4,169.7,356.1,25.6,12.6,4.5,2091.8
21000,350,1584.2,53.7,,,2135.9,75.1,0.0,0.0,1022.8,168.7,351.4,25.4,12.5,4.6,2110.5
21001,0,0.0,0.0,,,0.0,0.0,0.0,0.0,0.0,0.0,0.0,0.0,0.0,0.0,0.0
21001,10,0.0,2.9,,,0.0,5.3,0.0,0.0,0.0,0.0,0.0,0.0,0.0,0.0,0.0
21001,20,0.4,8.7,,,11.9,48.5,0.0,0.0,0.0,0.0,0.0,0.0,0.0,0.0,0.0
21001,30,57.8,14.2,,,77.3,73.0,0.0,0.0,0.0,0.0,11.0,24.3,4.1,1.1,52.7
21001,40,149.4,18.9,,,174.9,76.2,0.0,0.0,0.0,0.1,85.6,38.8,14.4,4.2,186.9
21001,50,240.4,22.8,,,272.9,76.1,0.0,0.0,0.7,1.3,165.6,49.1,16.0,5.6,313.1
21001,60,334.5,26.1,,,374.1,75.7,0.0,0.0,5.1,7.5,238.7,58.3,16.0,7.5,440.1
21001,70,424.6,28.9,,,471.7,75.3,0.0,0.0,15.5,23.1,292.9,66.5,15.5,9.5,561.9
21001,80,505.1,31.3,,,560.6,74.9,0.0,0.0,28.9,47.9,328.7,73.0,14.8,11.0,673.0
21001,90,577.2,33.4,,,641.8,74.5,0.0,0.0,45.8,79.0,349.7,76.8,13.7,11.9,774.0
21001,100,641.8,35.3,,,716.5,74.1,0.0,0.0,63.7,113.1,360.6,78.7,13.5,12.3,865.8
21001,110,696.5,36.9,,,781.8,73.7,0.0,0.0,80.6,144.4,366.4,79.8,13.6,12.5,945.6
21001,120,748.1,38.3,,,845.0,73.4,0.0,0.0,114.8,160.1,367.4,80.3,13.7,13.1,1021.6
21001,130,793.8,39.6,,,902.4,73.0,0.0,0.0,147.5,173.2,366.7,80.4,13.9,13.7,1090.1
21001,140,834.2,40.7,,,955.4,72.6,0.0,0.0,183.4,179.2,364.6,80.3,14.1,14.3,1151.8
21001,150,869.1,41.8,,,1003.5,72.2,0.0,0.0,221.8,180.8,359.6,78.7,14.9,15.2,1206.5
21001,160,898.2,42.7,,,1045.4,71.8,0.0,0.0,252.1,185.1,354.4,77.2,15.7,16.0,1254.1
21001,170,924.3,43.6,,,1084.3,71.4,0.0,0.0,279.1,189.6,349.1,75.9,16.3,16.7,1297.8
21001,180,947.0,44.3,,,1119.8,71.0,0.0,0.0,303.7,193.6,343.5,74.9,16.6,17.3,1337.3
21001,190,968.5,45.0,,,1154.8,70.6,0.0,0.0,329.2,196.4,336.7,74.5,16.5,17.8,1374.9
21001,200,987.4,45.7,,,1186.9,70.2,0.0,0.0,352.1,198.9,330.2,74.2,16.3,18.3,1409.5
21001,210,1003.9,46.3,,,1216.2,69.8,0.0,0.0,372.6,201.1,324.2,73.8,16.2,18.7,1441.0
21001,220,1018.0,46.8,,,1242.7,69.5,0.0,0.0,390.6,202.9,318.5,73.5,16.1,19.1,1469.4
21001,230,1029.9,47.4,,,1266.9,69.1,0.0,0.0,406.5,205.1,312.6,73.1,15.9,19.4,1495.1
21001,240,1040.1,47.8,,,1290.5,68.7,0.0,0.0,419.2,210.1,305.3,72.5,15.9,19.8,1518.4
21001,250,1048.9,48.3,,,1312.4,68.3,0.0,0.0,430.8,214.6,298.5,71.8,15.8,20.1,1540.0
21001,260,1056.6,48.7,,,1332.8,67.9,0.0,0.0,441.2,218.7,292.1,71.2,15.8,20.4,1560.2
21001,270,1063.6,49.1,,,1352.5,67.5,0.0,0.0,450.3,222.9,286.2,70.6,15.7,20.7,1579.6
21001,280,1070.1,49.5,,,1371.4,67.1,0.0,0.0,458.3,227.3,280.6,70.1,15.7,20.9,1598.4
21001,290,1075.7,49.8,,,1389.1,66.7,0.0,0.0,465.4,231.3,275.4,69.5,15.7,21.1,1616.1
21001,300,1080.5,50.1,,,1405.8,66.3,0.0,0.0,471.9,234.9,270.4,69.0,15.6,21.3,1632.7
21001,310,1084.4,50.4,,,1421.7,65.9,0.0,0.0,477.7,238.4,265.5,68.4,15.5,21.5,1648.3
21001,320,1087.4,50.7,,,1436.9,65.6,0.0,0.0,482.8,241.7,260.7,67.9,15.2,21.6,1662.6
21001,330,1089.8,51.0,,,1451.3,65.2,0.0,0.0,487.4,244.8,256.0,67.4,14.9,21.7,1676.1
21001,340,1091.1,51.2,,,1464.7,64.8,0.0,0.0,490.9,248.0,251.4,66.9,14.7,21.8,1688.3
21001,350,1091.8,51.5,,,1477.3,64.4,0.0,0.0,493.7,251.0,247.0,66.4,14.4,21.8,1699.6
21003,0,0.0,0.0,,,0.0,0.0,0.0,0.0,0.0,0.0,0.0,0.0,0.0,0.0,0.0
21003,10,0.0,2.2,,,0.0,2.1,0.0,0.0,0.0,0.0,0.0,0.0,0.0,0.0,0.0
21003,20,0.0,5.3,,,1.1,13.6,0.0,0.0,0.0,0.0,0.0,0.0,0.0,0.0,0.0
21003,30,0.8,8.8,,,11.4,37.9,0.0,0.0,0.0,0.0,0.0,0.0,0.0,0.0,0.0
21003,40,22.3,11.9,,,38.5,60.2,0.0,0.0,0.0,0.0,0.7,4.8,0.2,0.0,8.0
21003,50,69.7,14.7,,,88.0,68.0,0.0,0.0,0.0,0.0,23.2,28.2,4.0,1.8,80.2
21003,60,119.5,17.2,,,141.7,69.9,0.0,0.0,0.0,0.1,71.7,27.7,10.7,2.7,159.3
21003,70,168.7,19.4,,,195.4,70.3,0.0,0.0,0.1,0.2,120.7,27.5,14.2,2.6,234.5
21003,80,215.8,21.3,,,247.3,70.1,0.0,0.0,0.3,1.0,166.8,28.0,15.5,2.4,305.2
21003,90,259.0,23.1,,,295.3,69.8,0.0,0.0,1.1,3.4,207.7,28.0,16.9,1.9,371.2
21003,100,303.4,24.6,,,344.9,69.4,0.0,0.0,2.7,8.5,245.1,28.2,17.5,1.7,437.6
21003,110,347.5,26.0,,,394.6,69.0,0.0,0.0,5.9,15.0,278.6,28.7,17.4,1.7,503.0
21003,120,386.2,27.2,,,438.9,68.7,0.0,0.0,8.8,25.0,304.3,28.8,17.3,1.8,562.1
21003,130,421.1,28.4,,,479.3,68.3,0.0,0.0,13.4,37.1,322.7,28.7,17.3,1.8,616.4
21003,140,452.5,29.4,,,516.4,67.9,0.0,0.0,17.4,48.4,338.9,28.6,17.2,1.9,666.0
21003,150,484.9,30.3,,,555.3,67.6,0.0,0.0,20.8,65.5,350.6,29.1,16.8,1.9,717.4
21003,160,513.4,31.1,,,590.2,67.2,0.0,0.0,24.5,80.9,359.9,29.5,16.5,2.0,763.8
21003,170,538.9,31.9,,,622.1,66.8,0.0,0.0,28.0,94.9,367.9,29.8,16.1,2.1,806.3
21003,180,562.3,32.6,,,652.4,66.5,0.0,0.0,30.9,111.8,371.8,29.7,16.0,2.1,845.9
21003,190,583.5,33.3,,,680.5,66.1,0.0,0.0,33.4,127.9,374.6,29.5,15.8,2.1,882.6
21003,200,602.5,33.9,,,706.5,65.7,0.0,0.0,35.5,142.8,377.1,29.4,15.7,2.1,916.5
21003,210,619.7,34.5,,,730.6,65.4,0.0,0.0,37.3,156.4,379.2,29.2,15.6,2.1,947.9
21003,220,634.6,35.0,,,752.7,65.0,0.0,0.0,40.5,168.3,379.4,28.9,15.4,2.1,976.2
21003,230,647.9,35.5,,,773.6,64.6,0.0,0.0,44.9,178.9,378.4,28.5,15.3,2.1,1002.6
21003,240,659.9,35.9,,,793.0,64.3,0.0,0.0,48.7,188.7,377.4,28.2,15.1,2.1,1027.2
21003,250,670.6,36.3,,,811.1,63.9,0.0,0.0,52.1,197.8,376.3,27.9,15.0,2.1,1050.1
21003,260,680.2,36.7,,,828.0,63.5,0.0,0.0,55.1,206.2,375.0,27.6,14.8,2.1,1071.5
21003,270,688.8,37.1,,,843.8,63.2,0.0,0.0,57.8,214.1,373.7,27.3,14.7,2.1,1091.5
21003,280,698.1,37.4,,,860.8,62.8,0.0,0.0,70.3,213.3,371.8,27.0,14.4,2.1,1112.7
21003,290,706.6,37.8,,,877.2,62.5,0.0,0.0,83.6,211.1,369.8,26.7,14.2,2.1,1133.0
21003,300,714.3,38.1,,,892.6,62.1,0.0,0.0,96.0,209.0,367.7,26.4,13.9,2.2,1152.2
21003,310,721.3,38.4,,,907.2,61.7,0.0,0.0,107.6,206.9,365.7,26.2,13.7,2.2,1170.3
21003,320,727.5,38.7,,,921.1,61.4,0.0,0.0,118.4,204.9,363.7,25.9,13.5,2.2,1187.4
21003,330,733.0,38.9,,,934.2,61.0,0.0,0.0,128.4,202.9,361.6,25.7,13.3,2.2,1203.7
21003,340,737.9,39.2,,,946.7,60.6,0.0,0.0,137.8,201.0,359.6,25.4,13.1,2.2,1219.1
21003,350,742.3,39.4,,,958.5,60.3,0.0,0.0,146.6,199.1,357.5,25.2,12.9,2.3,1233.8
22001,0,0.0,0.0,,,0.0,0.0,0.0,0.0,0.0,0.0,0.0,0.0,0.0,0.0,0.0
22001,10,0.0,4.0,,,0.3,12.7,0.0,0.0,0.0,0.0,0.0,0.0,0.0,0.0,0.0
22001,20,32.9,12.0,,,55.2,86.1,0.0,0.0,0.0,0.0,0.9,7.3,0.3,0.1,8.9
22001,30,196.9,19.2,,,228.2,95.3,0.0,0.0,0.0,0.1,116.2,49.4,18.3,5.2,198.0
22001,40,386.1,25.3,,,429.5,95.1,0.0,0.0,2.7,6.6,275.5,70.7,20.3,8.8,404.3
22001,50,590.2,30.3,,,646.6,94.6,0.0,0.0,21.5,42.8,400.4,90.9,19.1,13.7,621.8
22001,60,770.7,34.5,,,842.7,94.1,0.0,0.0,54.5,125.9,456.8,100.5,17.5,15.7,818.7
22001,70,931.7,38.1,,,1023.7,93.7,0.0,0.0,100.9,219.5,473.4,103.7,18.5,17.5,996.6
22001,80,1073.5,41.2,,,1189.8,93.2,0.0,0.0,203.1,261.0,468.9,102.0,20.8,20.7,1155.4
22001,90,1194.8,43.8,,,1341.2,92.7,0.0,0.0,325.5,274.4,452.8,99.6,22.2,23.9,1292.9
22001,100,1296.7,46.1,,,1477.2,92.2,0.0,0.0,426.1,297.6,429.7,98.7,22.0,26.5,1410.7
22001,110,1382.8,48.2,,,1603.4,91.7,0.0,0.0,505.2,334.8,399.1,96.3,22.3,29.0,1512.0
22001,120,1457.5,50.0,,,1719.1,91.2,0.0,0.0,576.8,367.8,370.0,94.4,21.3,30.9,1601.7
22001,130,1520.3,51.6,,,1820.8,90.7,0.0,0.0,638.8,397.0,343.5,93.0,19.6,32.4,1679.8
22001,140,1574.1,53.0,,,1915.3,90.3,0.0,0.0,693.1,425.9,317.2,90.9,17.9,33.1,1748.5
22001,150,1623.9,54.3,,,2004.7,89.8,0.0,0.0,739.5,455.7,293.6,88.8,16.4,33.5,1813.0
22001,160,1669.9,55.5,,,2084.5,89.3,0.0,0.0,779.1,481.9,275.3,87.4,15.3,34.2,1874.0
22001,170,1710.7,56.6,,,2154.3,88.8,0.0,0.0,809.4,506.5,261.5,86.7,14.4,35.3,1929.9
22001,180,1746.0,57.5,,,2217.6,88.3,0.0,0.0,835.3,529.1,248.7,86.0,13.6,36.2,1980.2
22001,190,1773.3,58.4,,,2273.9,87.8,0.0,0.0,857.2,547.9,236.4,84.4,13.4,36.9,2022.1
22001,200,1796.8,59.2,,,2327.0,87.3,0.0,0.0,878.3,563.1,225.0,81.9,13.7,37.5,2060.2
22001,210,1817.6,60.0,,,2376.5,86.9,0.0,0.0,897.4,576.7,214.7,79.6,14.0,38.1,2095.7
22001,220,1835.6,60.7,,,2422.0,86.4,0.0,0.0,914.1,589.1,205.1,77.4,14.3,38.5,2128.3
22001,230,1841.7,61.3,,,2445.9,85.9,0.0,0.0,924.7,590.0,200.7,76.4,14.2,38.5,2147.4
22001,240,1835.5,61.9,,,2451.0,85.4,0.0,0.0,923.8,586.7,199.5,75.9,14.2,38.3,2152.3
22001,250,1828.7,62.5,,,2455.4,84.9,0.0,0.0,922.3,583.4,198.2,75.4,14.1,38.1,2156.6
22001,260,1821.4,63.0,,,2459.2,84.4,0.0,0.0,920.2,580.1,197.0,75.0,14.0,37.8,2160.3
22001,270,1813.6,63.5,,,2462.5,84.0,0.0,0.0,917.7,576.8,195.8,74.5,13.9,37.6,2163.5
22001,280,1805.4,64.0,,,2465.3,83.5,0.0,0.0,914.8,573.5,194.6,74.0,13.8,37.4,2166.2
22001,290,1797.1,64.4,,,2468.2,83.0,0.0,0.0,911.9,570.1,193.3,73.6,13.8,37.2,2168.9
22001,300,1788.5,64.8,,,2470.6,82.5,0.0,0.0,908.6,566.8,192.0,73.2,13.7,37.0,2171.2
22001,310,1779.6,65.2,,,2472.7,82.0,0.0,0.0,905.1,563.4,190.7,72.7,13.6,36.8,2173.2
22001,320,1770.5,65.6,,,2474.5,81.5,0.0,0.0,901.3,560.1,189.5,72.3,13.5,36.5,2174.9
22001,330,1761.2,65.9,,,2476.1,81.0,0.0,0.0,897.2,556.7,188.3,71.9,13.4,36.3,2176.4
22001,340,1751.7,66.3,,,2477.5,80.6,0.0,0.0,893.0,553.4,187.0,71.4,13.3,36.1,2177.7
22001,350,1742.0,66.6,,,2478.6,80.1,0.0,0.0,888.6,550.0,185.8,71.0,13.2,35.9,2178.8
22002,0,0.0,0.0,,,0.0,0.0,0.0,0.0,0.0,0.0,0.0,0.0,0.0,0.0,0.0
22002,10,0.0,2.2,,,0.0,2.0,0.0,0.0,0.0,0.0,0.0,0.0,0.0,0.0,0.0
22002,20,0.0,5.2,,,1.0,12.6,0.0,0.0,0.0,0.0,0.0,0.0,0.0,0.0,0.0
22002,30,0.6,8.6,,,10.3,35.5,0.0,0.0,0.0,0.0,0.0,0.0,0.0,0.0,0.0
22002,40,19.5,11.7,,,35.0,57.3,0.0,0.0,0.0,0.0,0.4,3.7,0.2,0.0,6.1
22002,50,63.1,14.5,,,80.7,65.4,0.0,0.0,0.0,0.0,20.2,25.2,3.5,1.5,72.8
22002,60,109.8,16.9,,,130.9,67.8,0.0,0.0,0.0,0.0,63.2,27.2,9.5,2.5,148.8
22002,70,155.8,19.0,,,181.1,68.3,0.0,0.0,0.1,0.2,109.2,26.6,13.5,2.6,221.8
22002,80,200.0,20.9,,,229.9,68.2,0.0,0.0,0.2,0.5,152.8,27.1,14.8,2.4,290.3
22002,90,241.6,22.6,,,276.1,67.8,0.0,0.0,0.9,2.8,192.3,27.1,16.1,1.9,355.4
22002,100,281.1,24.2,,,320.4,67.5,0.0,0.0,1.6,6.3,227.7,27.2,17.0,1.6,417.1
22002,110,323.4,25.5,,,368.0,67.1,0.0,0.0,4.7,12.5,259.9,27.7,16.9,1.6,481.6
22002,120,360.8,26.8,,,410.7,66.8,0.0,0.0,7.3,19.6,287.1,27.9,16.8,1.7,539.7
22002,130,393.9,27.9,,,449.1,66.4,0.0,0.0,10.9,31.1,305.4,27.8,16.8,1.7,592.8
22002,140,423.8,28.9,,,484.3,66.1,0.0,0.0,14.7,41.7,321.2,27.7,16.7,1.8,641.4
22002,150,453.0,29.8,,,519.3,65.7,0.0,0.0,18.0,55.0,333.7,27.9,16.5,1.8,689.2
22002,160,480.9,30.6,,,553.4,65.4,0.0,0.0,20.8,69.9,343.6,28.3,16.2,1.9,735.5
22002,170,505.5,31.4,,,584.0,65.0,0.0,0.0,24.1,83.5,351.4,28.6,15.8,1.9,777.4
22002,180,527.6,32.1,,,612.3,64.6,0.0,0.0,26.9,96.6,357.7,28.9,15.6,2.0,816.0
22002,190,548.0,32.7,,,639.3,64.3,0.0,0.0,29.3,112.2,360.4,28.7,15.4,2.0,852.2
22002,200,566.4,33.3,,,664.3,63.9,0.0,0.0,31.3,126.5,362.7,28.5,15.3,2.0,885.7
22002,210,583.0,33.9,,,687.5,63.6,0.0,0.0,33.0,139.7,364.7,28.3,15.2,2.0,916.8
22002,220,598.1,34.4,,,709.1,63.2,0.0,0.0,34.5,151.9,366.4,28.1,15.0,2.0,945.6
22002,230,610.7,34.9,,,728.7,62.9,0.0,0.0,37.1,162.5,366.4,27.8,14.9,2.0,971.4
22002,240,621.8,35.3,,,746.6,62.5,0.0,0.0,40.2,172.0,365.5,27.5,14.8,2.0,994.9
22002,250,632.1,35.7,,,764.0,62.2,0.0,0.0,43.4,180.8,364.4,27.2,14.6,2.0,1017.5
22002,260,641.5,36.1,,,780.2,61.8,0.0,0.0,46.3,188.9,363.3,26.9,14.5,2.0,1038.6
22002,270,649.8,36.5,,,795.5,61.5,0.0,0.0,49.0,196.4,362.1,26.6,14.4,2.0,1058.5
22002,280,657.4,36.8,,,809.9,61.1,0.0,0.0,51.3,203.4,360.8,26.4,14.2,2.0,1077.1
22002,290,664.7,37.2,,,824.2,60.7,0.0,0.0,57.7,206.5,359.2,26.1,14.1,2.0,1095.7
22002,300,672.2,37.5,,,839.1,60.4,0.0,0.0,69.8,204.4,357.2,25.8,13.8,2.0,1114.7
22002,310,679.0,37.8,,,853.2,60.0,0.0,0.0,81.1,202.4,355.2,25.6,13.6,2.0,1132.6
22002,320,685.1,38.0,,,866.5,59.7,0.0,0.0,91.6,200.4,353.3,25.3,13.4,2.1,1149.6
22002,330,690.5,38.3,,,879.2,59.3,0.0,0.0,101.4,198.5,351.3,25.1,13.2,2.1,1165.7
22002,340,695.3,38.6,,,891.2,59.0,0.0,0.0,110.6,196.6,349.3,24.8,13.0,2.1,1181.0
22002,350,699.6,38.8,,,902.6,58.6,0.0,0.0,119.2,194.8,347.3,24.6,12.8,2.1,1195.6
22003,0,0.0,0.0,,,0.0,0.0,0.0,0.0,0.0,0.0,0.0,0.0,0.0,0.0,0.0
22003,10,0.0,2.5,,,0.0,3.1,0.0,0.0,0.0,0.0,0.0,0.0,0.0,0.0,0.0
22003,20,0.0,6.7,,,4.2,26.0,0.0,0.0,0.0,0.0,0.0,0.0,0.0,0.0,0.0
22003,30,18.2,11.2,,,36.0,64.4,0.0,0.0,0.0,0.0,0.3,3.0,0.1,0.0,4.1
22003,40,90.6,15.2,,,111.7,79.4,0.0,0.0,0.0,0.0,35.1,34.0,5.8,2.4,93.8
22003,50,174.9,18.7,,,202.3,81.6,0.0,0.0,0.0,0.1,118.9,32.2,15.8,3.2,207.8
22003,60,261.0,21.7,,,295.3,81.5,0.0,0.0,0.4,1.7,202.9,33.2,18.3,2.8,318.2
22003,70,342.9,24.4,,,384.5,81.1,0.0,0.0,2.0,7.8,277.7,33.4,20.4,2.1,423.5
22003,80,431.8,26.7,,,481.4,80.7,0.0,0.0,8.7,20.4,344.9,34.7,20.3,2.3,534.6
22003,90,509.3,28.8,,,567.0,80.3,0.0,0.0,18.9,45.4,387.2,34.9,20.2,2.4,634.3
22003,100,582.2,30.6,,,648.8,79.8,0.0,0.0,29.9,76.0,418.3,35.5,19.9,2.6,729.1
22003,110,649.5,32.2,,,725.7,79.4,0.0,0.0,41.4,109.9,440.0,36.6,19.2,2.8,818.2
22003,120,712.0,33.7,,,799.0,79.0,0.0,0.0,54.0,148.3,451.6,36.7,18.9,2.8,901.6
22003,130,769.5,35.0,,,867.6,78.6,0.0,0.0,67.3,185.2,459.1,36.5,18.5,2.8,979.1
22003,140,817.7,36.2,,,928.0,78.2,0.0,0.0,82.7,216.7,461.5,35.9,18.2,2.9,1046.4
22003,150,858.2,37.3,,,980.8,77.7,0.0,0.0,97.8,243.9,461.2,35.4,17.8,2.9,1104.9
22003,160,894.6,38.3,,,1029.4,77.3,0.0,0.0,113.6,266.8,460.4,34.8,17.4,2.8,1158.7
22003,170,931.8,39.1,,,1080.1,76.9,0.0,0.0,158.5,263.1,457.7,34.3,16.8,2.9,1213.8
22003,180,965.0,40.0,,,1126.6,76.5,0.0,0.0,199.2,259.6,455.0,33.8,16.3,3.0,1264.2
22003,190,995.1,40.7,,,1169.8,76.1,0.0,0.0,236.3,256.6,452.2,33.3,15.8,3.0,1311.0
22003,200,1022.6,41.4,,,1211.8,75.6,0.0,0.0,278.9,246.9,447.5,32.7,15.5,3.0,1354.4
22003,210,1047.5,42.0,,,1251.2,75.2,0.0,0.0,320.4,235.9,442.4,32.1,15.2,3.0,1394.5
22003,220,1069.7,42.6,,,1287.7,74.8,0.0,0.0,358.3,225.7,437.4,31.5,15.0,3.0,1431.7
22003,230,1089.7,43.2,,,1321.7,74.4,0.0,0.0,393.1,216.2,432.5,31.0,14.7,3.0,1466.2
22003,240,1106.1,43.7,,,1351.9,74.0,0.0,0.0,421.8,209.7,427.5,30.5,14.5,3.0,1496.7
22003,250,1119.0,44.2,,,1378.5,73.5,0.0,0.0,444.1,206.5,422.2,29.9,14.4,3.0,1523.1
22003,260,1130.5,44.6,,,1403.3,73.1,0.0,0.0,464.5,203.6,417.1,29.4,14.2,3.0,1547.8
22003,270,1140.5,45.0,,,1426.5,72.7,0.0,0.0,483.1,200.7,412.2,28.9,14.0,3.0,1570.8
22003,280,1149.3,45.4,,,1448.2,72.3,0.0,0.0,500.3,197.9,407.6,28.4,13.9,3.0,1592.4
22003,290,1157.1,45.8,,,1468.7,71.9,0.0,0.0,516.1,195.2,403.0,27.9,13.7,3.0,1612.7
22003,300,1164.8,46.1,,,1489.5,71.4,0.0,0.0,532.4,192.0,398.2,27.5,13.6,3.0,1633.0
22003,310,1172.7,46.5,,,1510.6,71.0,0.0,0.0,549.4,188.4,393.1,27.0,13.5,3.0,1653.6
22003,320,1179.6,46.8,,,1530.7,70.6,0.0,0.0,565.1,184.9,388.1,26.6,13.4,3.1,1673.1
22003,330,1185.6,47.1,,,1549.7,70.2,0.0,0.0,579.7,181.6,383.3,26.2,13.3,3.1,1691.6
22003,340,1190.8,47.3,,,1567.7,69.8,0.0,0.0,593.1,178.4,378.6,25.8,13.2,3.1,1709.0
22003,350,1195.2,47.6,,,1584.8,69.3,0.0,0.0,605.5,175.4,374.1,25.4,13.1,3.1,1725.6
22004,0,0.0,0.0,,,0.0,0.0,0.0,0.0,0.0,0.0,0.0,0.0,0.0,0.0,0.0
22004,10,0.0,3.1,,,0.0,8.0,0.0,0.0,0.0,0.0,0.0,0.0,0.0,0.0,0.0
22004,20,2.3,9.3,,,19.6,67.7,0.0,0.0,0.0,0.0,0.0,0.0,0.0,0.0,0.0
22004,30,86.6,15.1,,,111.8,92.7,0.0,0.0,0.0,0.0,19.9,37.3,7.3,2.0,69.5
22004,40,208.3,20.0,,,241.8,94.9,0.0,0.0,0.1,0.1,121.3,55.9,18.3,6.0,211.9
22004,50,322.9,24.0,,,365.4,94.6,0.0,0.0,0.9,2.2,220.3,69.4,20.0,8.4,339.5
22004,60,449.1,27.4,,,500.5,94.1,0.0,0.0,6.6,13.6,310.3,85.8,18.7,12.2,475.1
22004,70,563.9,30.2,,,625.5,93.7,0.0,0.0,17.8,37.8,374.8,98.2,18.3,15.2,600.1
22004,80,661.4,32.7,,,733.6,93.2,0.0,0.0,31.5,77.8,412.7,105.6,16.5,16.7,709.2
22004,90,751.8,34.8,,,836.2,92.7,0.0,0.0,48.5,125.9,434.0,109.6,16.2,17.6,811.0
22004,100,828.2,36.7,,,925.7,92.2,0.0,0.0,65.8,171.8,445.3,111.8,16.5,18.1,899.4
22004,110,898.8,38.3,,,1010.8,91.7,0.0,0.0,101.1,203.0,447.4,112.6,17.0,19.3,981.9
22004,120,961.3,39.8,,,1087.8,91.2,0.0,0.0,138.1,226.3,448.0,113.1,17.5,20.4,1056.1
22004,130,1015.5,41.1,,,1158.7,90.7,0.0,0.0,187.5,235.8,442.5,111.3,19.0,22.0,1121.8
22004,140,1062.4,42.2,,,1222.0,90.3,0.0,0.0,232.9,243.3,436.0,109.0,20.4,23.5,1180.1
22004,150,1102.5,43.3,,,1278.5,89.8,0.0,0.0,269.6,253.4,429.1,106.9,21.8,24.9,1231.7
22004,160,1137.2,44.2,,,1331.0,89.3,0.0,0.0,304.8,262.3,419.6,106.5,21.7,26.0,1277.6
22004,170,1169.2,45.1,,,1380.5,88.8,0.0,0.0,338.7,269.5,410.1,106.1,21.5,27.0,1320.7
22004,180,1197.5,45.9,,,1426.0,88.3,0.0,0.0,369.4,275.8,401.1,105.7,21.4,27.8,1360.1
22004,190,1222.3,46.6,,,1467.8,87.8,0.0,0.0,396.4,282.4,392.2,105.2,21.2,28.6,1395.8
22004,200,1243.1,47.3,,,1508.0,87.3,0.0,0.0,417.2,294.7,380.1,104.1,21.3,29.4,1427.3
22004,210,1261.1,47.9,,,1544.8,86.9,0.0,0.0,435.7,305.8,368.8,103.1,21.3,30.2,1456.2
22004,220,1277.0,48.5,,,1578.8,86.4,0.0,0.0,452.4,315.9,358.2,102.2,21.3,30.8,1482.8
22004,230,1291.0,49.0,,,1610.4,85.9,0.0,0.0,467.5,325.0,348.4,101.2,21.3,31.4,1507.5
22004,240,1304.2,49.5,,,1640.6,85.4,0.0,0.0,480.7,334.2,339.4,100.3,21.4,31.9,1531.4
22004,250,1315.6,50.0,,,1669.8,84.9,0.0,0.0,492.3,343.4,330.7,99.5,21.0,32.3,1553.5
22004,260,1325.3,50.4,,,1697.3,84.4,0.0,0.0,502.8,352.1,322.3,98.7,20.5,32.7,1573.9
22004,270,1333.7,50.8,,,1723.1,84.0,0.0,0.0,512.2,360.1,314.3,97.9,20.0,32.9,1593.0
22004,280,1340.9,51.2,,,1747.3,83.5,0.0,0.0,520.6,367.4,306.7,97.2,19.5,33.2,1610.9
22004,290,1346.9,51.5,,,1770.0,83.0,0.0,0.0,527.9,374.2,299.5,96.4,19.1,33.4,1627.5
22004,300,1351.3,51.9,,,1791.0,82.5,0.0,0.0,533.7,381.0,292.4,95.7,18.6,33.6,1642.5
22004,310,1354.9,52.2,,,1810.8,82.0,0.0,0.0,538.8,387.2,285.7,94.9,18.2,33.8,1656.6
22004,320,1357.7,52.5,,,1829.6,81.5,0.0,0.0,543.3,392.9,279.3,94.2,17.8,33.9,1669.9
22004,330,1359.7,52.8,,,1847.6,81.0,0.0,0.0,547.3,398.3,272.9,93.4,17.5,34.0,1682.3
22004,340,1360.6,53.1,,,1865.1,80.6,0.0,0.0,550.7,403.8,266.4,92.5,17.0,33.9,1693.6
22004,350,1361.0,53.3,,,1881.7,80.1,0.0,0.0,553.6,408.7,260.2,91.6,16.7,33.9,1704.2
22005,0,0.0,0.0,,,0.0,0.0,0.0,0.0,0.0,0.0,0.0,0.0,0.0,0.0,0.0
22005,10,0.0,3.5,,,0.0,7.7,0.0,0.0,0.0,0.0,0.0,0.0,0.0,0.0,0.0
22005,20,7.7,10.0,,,27.3,65.3,0.0,0.0,0.0,0.0,0.0,0.5,0.0,0.0,0.6
22005,30,137.8,16.2,,,164.0,96.3,0.0,0.0,0.0,0.0,70.8,40.0,11.0,3.5,127.2
22005,40,309.9,21.6,,,347.4,98.1,0.0,0.0,0.3,1.9,240.1,40.3,21.9,3.5,314.0
22005,50,496.3,26.2,,,546.1,97.6,0.0,0.0,7.0,21.1,398.1,42.5,24.5,2.9,508.6
22005,60,679.3,30.1,,,742.2,97.1,0.0,0.0,28.7,77.4,501.2,44.1,24.3,3.4,699.7
22005,70,852.6,33.5,,,931.9,96.6,0.0,0.0,59.8,168.0,552.6,46.2,22.9,3.7,883.7
22005,80,1012.4,36.4,,,1112.4,96.1,0.0,0.0,104.9,265.6,570.7,45.5,22.3,3.8,1054.4
22005,90,1140.5,39.0,,,1264.1,95.6,0.0,0.0,162.7,339.0,571.4,44.1,21.5,3.8,1195.8
22005,100,1267.2,41.2,,,1417.9,95.1,0.0,0.0,303.2,334.3,565.5,42.7,20.2,4.1,1336.1
22005,110,1378.8,43.2,,,1560.6,94.6,0.0,0.0,456.2,307.2,553.5,40.1,19.6,4.5,1460.7
22005,120,1475.7,44.9,,,1689.1,94.1,0.0,0.0,597.4,278.5,539.9,37.8,19.1,4.8,1571.0
22005,130,1553.4,46.5,,,1798.8,93.6,0.0,0.0,703.3,269.4,523.7,36.0,18.5,4.9,1663.0
22005,140,1622.8,47.9,,,1899.4,93.1,0.0,0.0,799.7,260.2,508.1,34.5,17.9,5.0,1746.9
22005,150,1689.0,49.2,,,1997.8,92.6,0.0,0.0,894.4,250.0,490.7,33.3,17.5,5.2,1827.2
22005,160,1747.1,50.4,,,2087.1,92.1,0.0,0.0,978.5,241.2,474.4,32.1,17.0,5.4,1899.7
22005,170,1795.4,51.4,,,2164.1,91.6,0.0,0.0,1052.2,232.4,458.8,31.5,16.5,5.6,1962.8
22005,180,1837.6,52.3,,,2233.8,91.1,0.0,0.0,1118.2,224.0,444.6,30.9,15.9,5.8,2020.2
22005,190,1874.6,53.2,,,2297.6,90.6,0.0,0.0,1177.3,216.4,431.3,30.4,15.2,5.9,2072.4
22005,200,1912.3,54.0,,,2361.7,90.1,0.0,0.0,1227.4,215.2,420.6,30.1,14.7,6.0,2125.5
22005,210,1946.0,54.7,,,2421.2,89.6,0.0,0.0,1272.1,214.5,410.7,29.8,14.3,6.1,2174.8
22005,220,1976.2,55.4,,,2476.6,89.1,0.0,0.0,1312.5,213.9,401.4,29.6,13.9,6.2,2220.6
22005,230,2002.4,56.0,,,2528.0,88.6,0.0,0.0,1348.5,213.8,392.2,29.2,13.5,6.2,2262.5
22005,240,2021.7,56.6,,,2573.3,88.1,0.0,0.0,1375.3,216.9,382.4,28.9,13.1,6.2,2297.2
22005,250,2038.4,57.1,,,2615.2,87.6,0.0,0.0,1399.2,219.6,373.2,28.5,12.8,6.2,2329.3
22005,260,2052.8,57.6,,,2654.3,87.1,0.0,0.0,1420.5,222.0,364.4,28.1,12.5,6.1,2359.2
22005,270,2065.1,58.1,,,2690.8,86.6,0.0,0.0,1439.4,224.2,356.2,27.8,12.2,6.1,2386.9
22005,280,2075.5,58.5,,,2724.8,86.1,0.0,0.0,1456.3,226.1,348.4,27.4,11.9,6.1,2412.8
22005,290,2087.7,58.9,,,2760.0,85.6,0.0,0.0,1474.4,227.0,342.1,27.1,11.7,6.2,2441.2
22005,300,2098.5,59.3,,,2793.2,85.1,0.0,0.0,1490.9,227.7,336.2,26.8,11.5,6.2,2468.2
22005,310,2107.6,59.7,,,2824.6,84.6,0.0,0.0,1505.6,228.2,330.6,26.5,11.3,6.2,2493.6
22005,320,2115.3,60.0,,,2854.1,84.1,0.0,0.0,1518.7,228.6,325.2,26.2,11.1,6.2,2517.5
22005,330,2121.6,60.4,,,2882.0,83.6,0.0,0.0,1530.3,228.9,320.0,25.9,10.9,6.2,2540.1
22005,340,2126.6,60.7,,,2908.4,83.1,0.0,0.0,1540.5,229.2,315.0,25.6,10.7,6.2,2561.4
22005,350,2130.5,61.0,,,2933.4,82.6,0.0,0.0,1549.5,229.3,310.2,25.3,10.6,6.3,2581.6
22006,0,0.0,0.0,,,0.0,0.0,0.0,0.0,0.0,0.0,0.0,0.0,0.0,0.0,0.0
22006,10,0.0,1.5,,,0.0,0.8,0.0,0.0,0.0,0.0,0.0,0.0,0.0,0.0,0.0
22006,20,0.0,2.8,,,0.0,2.8,0.0,0.0,0.0,0.0,0.0,0.0,0.0,0.0,0.0
22006,30,0.0,4.4,,,0.2,7.4,0.0,0.0,0.0,0.0,0.0,0.0,0.0,0.0,0.0
22006,40,0.0,6.0,,,1.4,14.6,0.0,0.0,0.0,0.0,0.0,0.0,0.0,0.0,0.0
22006,50,0.0,7.4,,,4.5,23.6,0.0,0.0,0.0,0.0,0.0,0.0,0.0,0.0,0.0
22006,60,0.8,8.8,,,10.1,32.9,0.0,0.0,0.0,0.0,0.0,0.0,0.0,0.0,0.0
22006,70,5.8,10.0,,,17.9,40.7,0.0,0.0,0.0,0.0,0.0,0.3,0.0,0.0,0.5
22006,80,13.9,11.0,,,27.3,46.7,0.0,0.0,0.0,0.0,0.1,1.8,0.0,0.0,3.4
22006,90,23.4,12.0,,,37.6,50.4,0.0,0.0,0.0,0.0,0.8,7.6,0.1,0.0,15.0
22006,100,35.9,12.9,,,51.1,51.8,0.0,0.0,0.0,0.0,8.7,11.8,1.2,0.7,39.4
22006,110,47.0,13.6,,,63.3,52.8,0.0,0.0,0.0,0.0,16.1,15.4,2.3,1.3,61.8
22006,120,56.7,14.3,,,74.1,53.7,0.0,0.0,0.0,0.0,22.5,18.5,3.1,1.9,81.6
22006,130,65.5,14.9,,,84.1,54.3,0.0,0.0,0.0,0.0,29.2,20.4,4.1,2.4,99.8
22006,140,73.9,15.4,,,93.8,54.5,0.0,0.0,0.0,0.0,37.0,20.8,5.1,2.6,117.3
22006,150,81.8,15.9,,,103.1,54.4,0.0,0.0,0.0,0.0,45.3,20.3,6.2,2.5,133.7
22006,160,88.6,16.3,,,111.4,54.3,0.0,0.0,0.0,0.0,52.4,19.9,7.2,2.4,148.4
22006,170,94.6,16.7,,,118.8,54.2,0.0,0.0,0.0,0.0,58.7,19.5,8.0,2.4,161.4
22006,180,99.9,17.0,,,125.4,54.1,0.0,0.0,0.0,0.0,64.3,19.2,8.7,2.3,173.0
22006,190,104.7,17.3,,,131.6,53.9,0.0,0.0,0.0,0.0,69.3,19.0,9.2,2.2,183.6
22006,200,108.9,17.6,,,137.0,53.7,0.0,0.0,0.0,0.0,73.7,18.8,9.6,2.2,193.0
22006,210,112.5,17.9,,,142.0,53.5,0.0,0.0,0.0,0.0,77.6,18.6,10.0,2.1,201.5
22006,220,115.6,18.1,,,146.4,53.2,0.0,0.0,0.0,0.1,80.9,18.5,10.3,2.0,209.1
22006,230,118.4,18.3,,,150.4,53.0,0.0,0.0,0.0,0.1,83.9,18.3,10.5,1.9,215.9
22006,240,120.7,18.4,,,154.0,52.7,0.0,0.0,0.0,0.1,86.4,18.2,10.8,1.9,222.1
22006,250,122.8,18.6,,,157.2,52.5,0.0,0.0,0.0,0.1,88.7,18.1,10.9,1.8,227.7
22006,260,124.7,18.7,,,160.3,52.2,0.0,0.0,0.0,0.1,90.8,17.9,11.1,1.8,233.0
22006,270,126.4,18.9,,,163.2,51.9,0.0,0.0,0.0,0.2,92.7,17.7,11.2,1.7,237.9
22006,280,128.2,19.0,,,166.2,51.6,0.0,0.0,0.0,0.3,94.6,17.6,11.2,1.7,242.8
22006,290,129.7,19.1,,,168.9,51.3,0.0,0.0,0.0,0.4,96.2,17.4,11.1,1.7,247.3
22006,300,130.9,19.2,,,171.4,51.0,0.0,0.0,0.0,0.5,97.7,17.3,11.1,1.7,251.4
22006,310,132.0,19.3,,,173.7,50.7,0.0,0.0,0.0,0.6,98.9,17.2,11.0,1.7,255.1
22006,320,133.0,19.4,,,175.8,50.4,0.0,0.0,0.1,0.6,100.0,17.0,11.0,1.7,258.6
22006,330,133.7,19.5,,,177.7,50.1,0.0,0.0,0.1,0.7,100.9,16.9,11.0,1.7,261.8
22006,340,134.4,19.5,,,179.5,49.8,0.0,0.0,0.1,0.8,101.7,16.8,10.9,1.7,264.7
22006,350,134.9,19.6,,,181.2,49.5,0.0,0.0,0.1,0.8,102.4,16.6,10.9,1.7,267.5
22007,0,0.0,0.0,,,0.0,0.0,0.0,0.0,0.0,0.0,0.0,0.0,0.0,0.0,0.0
22007,10,0.0,3.0,,,0.0,3.9,0.0,0.0,0.0,0.0,0.0,0.0,0.0,0.0,0.0
22007,20,0.2,8.1,,,8.4,34.0,0.0,0.0,0.0,0.0,0.0,0.0,0.0,0.0,0.0
22007,30,48.4,13.4,,,65.9,67.6,0.0,0.0,0.0,0.0,11.7,18.0,2.1,0.9,43.8
22007,40,142.4,18.0,,,165.3,74.0,0.0,0.0,0.0,0.1,91.6,29.0,13.3,3.1,184.1
22007,50,244.0,22.0,,,274.2,74.1,0.0,0.0,0.4,1.8,190.7,30.4,16.8,2.6,327.4
22007,60,347.6,25.4,,,385.7,73.8,0.0,0.0,4.1,12.0,279.8,31.3,18.6,2.0,471.5
22007,70,451.4,28.4,,,497.9,73.4,0.0,0.0,14.6,36.5,347.0,32.4,18.4,2.3,614.9
22007,80,546.9,31.0,,,602.7,73.0,0.0,0.0,29.4,75.2,388.4,33.3,18.1,2.5,749.2
22007,90,635.4,33.3,,,701.8,72.6,0.0,0.0,46.2,122.3,413.0,34.3,17.3,2.7,875.5
22007,100,718.9,35.3,,,797.6,72.2,0.0,0.0,67.1,173.4,424.6,34.1,16.9,2.8,995.1
22007,110,786.6,37.1,,,879.1,71.9,0.0,0.0,91.4,216.4,426.8,33.4,16.5,2.7,1095.5
22007,120,845.3,38.7,,,951.9,71.5,0.0,0.0,118.9,249.8,426.6,32.7,16.0,2.7,1184.6
22007,130,904.4,40.2,,,1026.9,71.1,0.0,0.0,186.5,246.3,423.4,32.0,15.3,2.8,1274.6
22007,140,956.6,41.5,,,1094.7,70.7,0.0,0.0,247.2,242.8,419.8,31.2,14.6,2.9,1355.7
22007,150,1004.0,42.6,,,1160.0,70.3,0.0,0.0,318.6,226.5,412.9,30.3,14.3,3.0,1429.7
22007,160,1045.8,43.7,,,1219.4,70.0,0.0,0.0,382.7,211.4,406.6,29.3,14.0,3.0,1496.7
22007,170,1080.4,44.7,,,1271.2,69.6,0.0,0.0,435.6,201.4,399.6,28.2,13.8,3.1,1554.7
22007,180,1108.4,45.5,,,1316.0,69.2,0.0,0.0,477.0,196.8,392.4,27.2,13.6,3.2,1604.3
22007,190,1133.9,46.4,,,1358.0,68.8,0.0,0.0,515.1,192.4,385.4,26.3,13.5,3.2,1650.6
22007,200,1157.4,47.1,,,1397.9,68.4,0.0,0.0,550.9,188.0,378.5,25.5,13.3,3.3,1694.2
22007,210,1181.2,47.8,,,1438.7,68.1,0.0,0.0,588.5,182.5,370.8,24.8,13.1,3.4,1738.3
22007,220,1202.4,48.4,,,1476.3,67.7,0.0,0.0,622.6,177.3,363.5,24.3,12.9,3.4,1779.0
22007,230,1221.1,49.0,,,1511.2,67.3,0.0,0.0,653.6,172.4,356.6,23.8,12.7,3.5,1816.6
22007,240,1237.7,49.5,,,1543.6,66.9,0.0,0.0,681.7,167.8,350.0,23.4,12.5,3.5,1851.4
22007,250,1251.0,50.0,,,1571.9,66.5,0.0,0.0,706.7,163.2,343.4,23.1,12.2,3.5,1882.1
22007,260,1262.7,50.5,,,1598.2,66.2,0.0,0.0,729.4,158.9,337.2,22.9,12.0,3.6,1910.5
22007,270,1272.7,51.0,,,1622.6,65.8,0.0,0.0,750.0,154.7,331.2,22.7,11.7,3.6,1936.8
22007,280,1281.3,51.4,,,1645.5,65.4,0.0,0.0,768.5,151.0,325.5,22.5,11.5,3.6,1961.4
22007,290,1288.7,51.8,,,1667.0,65.0,0.0,0.0,785.3,147.7,319.9,22.3,11.3,3.7,1984.3
22007,300,1295.3,52.1,,,1687.6,64.6,0.0,0.0,800.5,144.9,314.6,22.0,11.1,3.7,2006.3
22007,310,1302.7,52.5,,,1709.1,64.3,0.0,0.0,813.4,144.1,310.0,21.9,11.0,3.7,2029.5
22007,320,1309.1,52.8,,,1729.3,63.9,0.0,0.0,825.2,143.3,305.7,21.7,10.8,3.8,2051.5
22007,330,1314.6,53.1,,,1748.5,63.5,0.0,0.0,835.8,142.5,301.5,21.6,10.7,3.8,2072.2
22007,340,1319.2,53.4,,,1766.6,63.1,0.0,0.0,845.5,141.7,297.4,21.4,10.5,3.8,2091.8
22007,350,1323.0,53.7,,,1783.9,62.7,0.0,0.0,854.2,140.9,293.5,21.2,10.4,3.8,2110.5
22008,0,0.0,0.0,,,0.0,0.0,0.0,0.0,0.0,0.0,0.0,0.0,0.0,0.0,0.0
22008,10,0.0,0.5,,,0.0,2.3,0.0,0.0,0.0,0.0,0.0,0.0,0.0,0.0,0.0
22008,20,0.0,1.0,,,0.0,7.4,0.0,0.0,0.0,0.0,0.0,0.0,0.0,0.0,0.0
22008,30,0.0,1.5,,,1.1,16.4,0.0,0.0,0.0,0.0,0.0,0.0,0.0,0.0,0.0
22008,40,0.0,2.1,,,4.1,26.5,0.0,0.0,0.0,0.0,0.0,0.0,0.0,0.0,0.0
22008,50,0.2,2.6,,,10.2,36.2,0.0,0.0,0.0,0.0,0.0,0.0,0.0,0.0,0.0
22008,60,2.2,3.0,,,18.9,44.4,0.0,0.0,0.0,0.0,0.0,0.2,0.0,0.0,0.3
22008,70,5.7,3.5,,,31.4,50.5,0.0,0.0,0.0,0.0,0.1,1.1,0.0,0.0,1.7
22008,80,11.1,3.8,,,46.2,54.6,0.0,0.0,0.0,0.0,2.3,3.7,0.4,0.2,9.2
22008,90,16.9,4.2,,,61.5,57.2,0.0,0.0,0.0,0.0,5.5,6.2,0.8,0.4,18.5
22008,100,22.1,4.5,,,75.6,59.3,0.0,0.0,0.0,0.0,8.3,8.4,1.2,0.6,26.9
22008,110,27.5,4.7,,,90.1,60.3,0.0,0.0,0.0,0.0,13.7,8.3,2.0,0.7,35.8
22008,120,32.4,5.0,,,103.0,61.0,0.0,0.0,0.0,0.0,18.8,8.0,2.7,0.8,44.0
22008,130,36.8,5.2,,,115.1,61.6,0.0,0.0,0.0,0.0,23.3,7.7,3.3,0.8,51.4
22008,140,40.9,5.4,,,127.4,61.9,0.0,0.0,0.0,0.0,27.6,7.5,3.7,0.8,58.3
22008,150,44.8,5.6,,,138.3,62.0,0.0,0.0,0.0,0.0,31.5,7.4,4.0,0.7,64.7
22008,160,48.5,5.8,,,148.2,62.1,0.0,0.0,0.0,0.0,35.3,7.4,4.1,0.7,70.8
22008,170,51.9,5.9,,,156.9,62.1,0.0,0.0,0.0,0.1,38.7,7.4,4.2,0.7,76.4
22008,180,54.9,6.1,,,164.6,62.0,0.0,0.0,0.0,0.1,41.8,7.3,4.3,0.6,81.6
22008,190,57.8,6.2,,,171.8,61.9,0.0,0.0,0.1,0.2,44.8,7.3,4.4,0.6,86.6
22008,200,60.6,6.3,,,178.5,61.7,0.0,0.0,0.1,0.3,47.5,7.2,4.4,0.6,91.4
22008,210,63.1,6.4,,,184.4,61.4,0.0,0.0,0.1,0.5,50.0,7.1,4.4,0.6,95.9
22008,220,65.3,6.5,,,189.7,61.1,0.0,0.0,0.1,0.6,52.3,7.0,4.5,0.6,100.0
22008,230,67.4,6.6,,,194.4,60.9,0.0,0.0,0.1,0.7,54.3,6.9,4.5,0.6,103.8
22008,240,69.2,6.7,,,198.7,60.6,0.0,0.0,0.1,0.9,56.2,6.8,4.5,0.6,107.4
22008,250,70.9,6.8,,,202.5,60.3,0.0,0.0,0.1,1.0,57.9,6.7,4.5,0.5,110.7
22008,260,72.6,6.9,,,206.1,60.0,0.0,0.0,0.1,1.2,59.4,6.7,4.6,0.5,114.0
22008,270,74.4,6.9,,,209.8,59.7,0.0,0.0,0.1,1.5,60.9,6.6,4.5,0.5,117.5
22008,280,76.0,7.0,,,213.1,59.4,0.0,0.0,0.1,1.8,62.2,6.6,4.5,0.5,120.7
22008,290,77.5,7.1,,,216.1,59.0,0.0,0.0,0.1,2.1,63.5,6.6,4.5,0.5,123.8
22008,300,78.9,7.1,,,219.0,58.7,0.0,0.0,0.1,2.4,64.6,6.5,4.5,0.5,126.7
22008,310,80.1,7.2,,,221.6,58.4,0.0,0.0,0.1,2.7,65.6,6.5,4.4,0.5,129.4
22008,320,81.3,7.3,,,224.0,58.0,0.0,0.0,0.1,2.9,66.5,6.5,4.4,0.5,132.0
22008,330,82.3,7.3,,,226.2,57.7,0.0,0.0,0.1,3.2,67.4,6.4,4.4,0.5,134.5
22008,340,83.2,7.4,,,228.3,57.4,0.0,0.0,0.1,3.4,68.1,6.4,4.4,0.5,136.8
22008,350,84.1,7.4,,,230.3,57.0,0.0,0.0,0.1,3.6,68.8,6.4,4.4,0.5,139.0
23000,0,0.0,0.0,,,0.0,0.0,0.0,0.0,0.0,0.0,0.0,0.0,0.0,0.0,0.0
23000,10,0.0,4.0,,,0.1,9.8,0.0,0.0,0.0,0.0,0.0,0.0,0.0,0.0,0.0
23000,20,22.5,11.4,,,43.3,77.3,0.0,0.0,0.0,0.0,0.4,3.5,0.1,0.0,4.1
23000,30,195.4,18.3,,,224.6,96.1,0.0,0.0,0.0,0.1,129.6,37.7,18.0,3.9,196.1
23000,40,399.7,24.2,,,441.6,96.1,0.0,0.0,1.7,8.5,323.4,39.9,24.0,2.7,416.5
23000,50,624.1,29.2,,,680.0,95.6,0.0,0.0,21.2,59.7,472.7,43.1,24.1,3.3,652.7
23000,60,834.9,33.4,,,907.8,95.1,0.0,0.0,55.6,163.5,544.5,45.7,22.5,3.7,878.4
23000,70,1027.9,37.0,,,1124.4,94.6,0.0,0.0,112.7,281.5,564.1,44.7,21.9,3.7,1087.1
23000,80,1190.8,40.1,,,1315.9,94.1,0.0,0.0,228.3,335.2,562.0,43.0,20.7,4.0,1267.7
23000,90,1343.1,42.8,,,1502.0,93.6,0.0,0.0,416.4,314.4,550.4,40.1,19.7,4.6,1437.1
23000,100,1475.1,45.2,,,1671.9,93.1,0.0,0.0,604.9,278.1,532.6,37.4,18.9,5.0,1585.5
23000,110,1580.2,47.3,,,1815.3,92.7,0.0,0.0,744.6,267.8,511.9,35.1,18.1,5.2,1708.2
23000,120,1676.7,49.2,,,1951.2,92.2,0.0,0.0,876.4,257.3,488.8,33.2,17.5,5.5,1821.5
23000,130,1764.3,50.8,,,2076.8,91.7,0.0,0.0,997.9,246.3,467.1,31.7,16.9,5.8,1926.0
23000,140,1836.4,52.3,,,2183.7,91.2,0.0,0.0,1103.4,235.2,446.8,30.9,15.9,6.1,2015.8
23000,150,1899.4,53.6,,,2279.8,90.7,0.0,0.0,1196.6,225.1,428.2,30.3,15.0,6.3,2096.4
23000,160,1962.7,54.8,,,2376.2,90.2,0.0,0.0,1276.6,224.7,412.7,29.8,14.2,6.3,2177.5
23000,170,2019.1,55.9,,,2464.6,89.7,0.0,0.0,1346.9,225.3,398.8,29.3,13.6,6.3,2251.7
23000,180,2067.1,56.9,,,2543.9,89.2,0.0,0.0,1406.9,227.1,385.5,28.9,13.1,6.4,2317.5
23000,190,2104.9,57.8,,,2612.8,88.7,0.0,0.0,1453.2,232.2,372.7,28.6,12.5,6.5,2372.9
23000,200,2137.9,58.6,,,2675.7,88.2,0.0,0.0,1494.1,236.8,360.8,28.3,12.1,6.6,2423.4
23000,210,2166.7,59.4,,,2733.3,87.8,0.0,0.0,1530.4,240.9,349.7,28.0,11.6,6.7,2469.6
23000,220,2196.6,60.0,,,2791.3,87.3,0.0,0.0,1567.7,243.2,340.7,27.6,11.3,6.8,2517.7
23000,230,2222.6,60.7,,,2845.1,86.8,0.0,0.0,1601.4,244.8,332.2,27.0,11.1,6.8,2562.0
23000,240,2245.4,61.3,,,2894.9,86.3,0.0,0.0,1631.3,246.2,324.3,26.4,10.9,6.9,2602.9
23000,250,2265.8,61.8,,,2941.8,85.8,0.0,0.0,1658.5,247.4,316.9,25.8,10.7,6.9,2641.6
23000,260,2271.7,62.3,,,2968.7,85.3,0.0,0.0,1669.1,248.2,312.0,25.3,10.6,7.0,2663.7
23000,270,2263.3,62.8,,,2975.6,84.8,0.0,0.0,1663.4,248.5,309.4,25.0,10.6,7.0,2669.2
23000,280,2253.3,63.3,,,2979.3,84.3,0.0,0.0,1656.9,247.1,307.6,24.8,10.6,7.0,2672.8
23000,290,2242.8,63.7,,,2982.6,83.8,0.0,0.0,1650.0,245.7,305.7,24.6,10.5,6.9,2675.9
23000,300,2231.9,64.1,,,2985.4,83.3,0.0,0.0,1642.6,244.3,303.9,24.4,10.5,6.9,2678.6
23000,310,2220.7,64.5,,,2987.8,82.9,0.0,0.0,1635.0,242.9,302.0,24.3,10.4,6.9,2680.9
23000,320,2209.3,64.8,,,2989.9,82.4,0.0,0.0,1627.0,241.4,300.2,24.1,10.3,6.8,2682.9
23000,330,2197.5,65.1,,,2991.7,81.9,0.0,0.0,1618.8,240.0,298.4,23.9,10.3,6.8,2684.7
23000,340,2185.6,65.4,,,2993.3,81.4,0.0,0.0,1610.4,238.6,296.5,23.8,10.2,6.7,2686.2
23000,350,2173.5,65.7,,,2994.7,80.9,0.0,0.0,1601.8,237.2,294.7,23.6,10.1,6.7,2687.5
23001,0,0.0,0.0,,,0.0,0.0,0.0,0.0,0.0,0.0,0.0,0.0,0.0,0.0,0.0
23001,10,0.0,4.5,,,0.8,16.1,0.0,0.0,0.0,0.0,0.0,0.0,0.0,0.0,0.0
23001,20,58.5,13.3,,,81.7,89.9,0.0,0.0,0.0,0.0,10.7,21.2,2.9,1.0,37.2
23001,30,255.4,21.2,,,290.1,95.6,0.0,0.0,0.2,0.7,167.4,57.1,19.4,6.1,262.4
23001,40,486.9,27.8,,,535.0,95.1,0.0,0.0,9.3,19.9,344.0,81.0,19.6,11.3,510.2
23001,50,713.0,33.2,,,776.7,94.6,0.0,0.0,40.1,93.5,447.3,99.2,17.3,15.3,753.3
23001,60,920.9,37.8,,,1006.5,94.1,0.0,0.0,93.5,213.4,475.4,104.0,18.6,17.4,979.8
23001,70,1099.4,41.6,,,1213.1,93.7,0.0,0.0,217.1,270.0,470.1,101.8,21.8,21.8,1177.3
23001,80,1250.9,44.9,,,1402.3,93.2,0.0,0.0,370.4,289.5,446.4,100.5,22.3,25.7,1346.7
23001,90,1374.9,47.8,,,1575.6,92.7,0.0,0.0,480.3,342.3,406.7,97.6,22.7,29.3,1487.9
23001,100,1481.0,50.3,,,1735.5,92.2,0.0,0.0,578.9,391.8,366.0,95.2,20.9,32.1,1610.5
23001,110,1568.6,52.5,,,1876.7,91.7,0.0,0.0,663.3,437.0,327.8,92.5,18.5,33.6,1714.8
23001,120,1645.9,54.5,,,2007.5,91.2,0.0,0.0,736.6,481.3,291.8,89.5,16.2,34.4,1808.4
23001,130,1724.4,56.2,,,2124.0,90.7,0.0,0.0,795.1,521.9,271.0,88.6,14.8,36.2,1903.9
23001,140,1787.6,57.8,,,2225.4,90.3,0.0,0.0,842.2,558.3,251.1,87.1,13.9,37.8,1983.7
23001,150,1833.5,59.2,,,2313.3,89.8,0.0,0.0,880.2,588.0,231.5,83.2,14.5,39.0,2045.6
23001,160,1875.0,60.4,,,2393.0,89.3,0.0,0.0,915.7,612.3,215.1,79.7,15.0,40.0,2103.2
23001,170,1895.9,61.6,,,2432.6,88.8,0.0,0.0,945.1,609.6,210.5,79.0,14.8,39.8,2138.2
23001,180,1913.9,62.7,,,2469.2,88.3,0.0,0.0,971.7,606.6,205.9,78.3,14.6,39.6,2170.3
23001,190,1916.5,63.6,,,2485.5,87.8,0.0,0.0,981.0,603.3,203.4,77.9,14.5,39.4,2185.3
23001,200,1914.8,64.5,,,2496.3,87.3,0.0,0.0,985.3,599.9,201.5,77.4,14.4,39.1,2195.4
23001,210,1911.8,65.4,,,2505.6,86.9,0.0,0.0,988.2,596.5,199.7,77.0,14.3,38.9,2204.2
23001,220,1907.7,66.1,,,2513.7,86.4,0.0,0.0,990.0,593.1,198.1,76.5,14.2,38.7,2211.8
23001,230,1898.3,66.8,,,2515.3,85.9,0.0,0.0,985.9,589.8,196.9,76.1,14.1,38.5,2213.4
23001,240,1887.5,67.5,,,2515.3,85.4,0.0,0.0,980.3,586.4,195.7,75.7,14.0,38.3,2213.4
23001,250,1876.8,68.1,,,2515.3,84.9,0.0,0.0,974.7,583.1,194.6,75.2,14.0,38.0,2213.4
23001,260,1866.1,68.7,,,2515.3,84.4,0.0,0.0,969.2,579.8,193.5,74.8,13.9,37.8,2213.4
23001,270,1855.4,69.2,,,2515.3,84.0,0.0,0.0,963.6,576.4,192.4,74.4,13.8,37.6,2213.4
23001,280,1844.7,69.7,,,2515.3,83.5,0.0,0.0,958.0,573.1,191.3,73.9,13.7,37.4,2213.4
23001,290,1834.0,70.2,,,2515.3,83.0,0.0,0.0,952.5,569.8,190.2,73.5,13.6,37.2,2213.4
23001,300,1823.2,70.7,,,2515.3,82.5,0.0,0.0,946.9,566.4,189.1,73.1,13.6,37.0,2213.4
23001,310,1812.5,71.1,,,2515.3,82.0,0.0,0.0,941.3,563.1,188.0,72.7,13.5,36.7,2213.4
23001,320,1801.8,71.5,,,2515.3,81.5,0.0,0.0,935.8,559.8,186.9,72.2,13.4,36.5,2213.4
23001,330,1791.1,71.9,,,2515.3,81.0,0.0,0.0,930.2,556.5,185.7,71.8,13.3,36.3,2213.4
23001,340,1780.4,72.2,,,2515.3,80.6,0.0,0.0,924.6,553.1,184.6,71.4,13.2,36.1,2213.4
23001,350,1769.6,72.6,,,2515.3,80.1,0.0,0.0,919.1,549.8,183.5,70.9,13.2,35.9,2213.4
23003,0,0.0,0.0,,,0.0,0.0,0.0,0.0,0.0,0.0,0.0,0.0,0.0,0.0,0.0
23003,10,0.0,3.0,,,0.0,4.4,0.0,0.0,0.0,0.0,0.0,0.0,0.0,0.0,0.0
23003,20,0.5,8.5,,,11.0,39.6,0.0,0.0,0.0,0.0,0.0,0.0,0.0,0.0,0.0
23003,30,64.3,14.1,,,83.1,73.3,0.0,0.0,0.0,0.0,19.0,25.3,3.4,1.4,62.2
23003,40,173.4,18.9,,,199.0,78.2,0.0,0.0,0.0,0.2,119.5,31.1,15.4,3.1,215.8
23003,50,288.4,23.1,,,322.2,78.0,0.0,0.0,1.0,3.6,230.6,32.1,18.7,2.4,369.4
23003,60,412.3,26.6,,,455.1,77.6,0.0,0.0,7.6,19.0,329.6,34.0,19.5,2.3,530.6
23003,70,526.0,29.7,,,578.1,77.2,0.0,0.0,22.4,54.4,392.4,34.5,19.5,2.6,680.8
23003,80,635.6,32.5,,,698.8,76.8,0.0,0.0,41.2,108.0,429.1,36.2,18.5,2.9,827.7
23003,90,737.7,34.8,,,814.3,76.4,0.0,0.0,65.4,169.2,446.0,36.3,17.9,2.9,965.2
23003,100,823.8,36.9,,,915.5,76.0,0.0,0.0,93.6,223.1,451.7,35.6,17.5,2.9,1084.1
23003,110,896.1,38.8,,,1003.6,75.6,0.0,0.0,125.6,265.6,451.9,34.8,17.0,2.9,1186.8
23003,120,968.8,40.4,,,1094.5,75.2,0.0,0.0,207.9,262.0,447.9,33.9,16.1,3.0,1290.3
23003,130,1033.1,41.9,,,1177.2,74.8,0.0,0.0,286.3,254.4,442.9,32.9,15.5,3.2,1383.2
23003,140,1090.6,43.2,,,1255.4,74.4,0.0,0.0,372.4,234.9,435.0,31.6,15.1,3.3,1467.3
23003,150,1141.1,44.4,,,1325.9,74.0,0.0,0.0,449.4,217.2,427.2,30.2,14.8,3.4,1542.8
23003,160,1180.2,45.5,,,1385.0,73.6,0.0,0.0,505.1,211.6,418.2,28.9,14.6,3.5,1605.0
23003,170,1215.4,46.5,,,1439.7,73.2,0.0,0.0,555.8,206.3,409.6,27.8,14.4,3.6,1662.3
23003,180,1247.9,47.4,,,1491.5,72.8,0.0,0.0,603.7,200.8,400.8,27.0,14.1,3.6,1716.1
23003,190,1280.0,48.3,,,1543.4,72.4,0.0,0.0,652.6,194.1,391.3,26.3,13.8,3.7,1769.6
23003,200,1308.5,49.0,,,1591.0,72.0,0.0,0.0,696.6,187.9,382.5,25.7,13.6,3.8,1818.4
23003,210,1333.1,49.7,,,1634.3,71.6,0.0,0.0,735.7,182.1,374.2,25.1,13.3,3.9,1862.6
23003,220,1353.5,50.4,,,1672.4,71.2,0.0,0.0,770.5,176.4,366.0,24.8,13.0,3.9,1901.7
23003,230,1370.9,51.0,,,1707.3,70.8,0.0,0.0,801.6,171.6,357.9,24.5,12.7,4.0,1937.2
23003,240,1386.3,51.5,,,1739.7,70.4,0.0,0.0,829.7,167.1,350.2,24.2,12.4,4.1,1970.1
23003,250,1399.7,52.0,,,1769.9,70.0,0.0,0.0,855.2,162.9,343.0,23.9,12.2,4.1,2000.6
23003,260,1411.7,52.5,,,1798.2,69.6,0.0,0.0,878.3,159.1,336.2,23.7,11.9,4.2,2029.4
23003,270,1424.6,53.0,,,1827.5,69.2,0.0,0.0,897.9,158.3,330.5,23.5,11.7,4.2,2059.6
23003,280,1436.0,53.4,,,1855.0,68.8,0.0,0.0,915.7,157.5,325.1,23.3,11.5,4.2,2087.9
23003,290,1446.0,53.8,,,1880.8,68.4,0.0,0.0,931.8,156.7,319.9,23.1,11.4,4.3,2114.4
23003,300,1454.6,54.1,,,1905.1,68.0,0.0,0.0,946.4,155.9,314.9,22.9,11.2,4.3,2139.4
23003,310,1462.0,54.5,,,1928.1,67.6,0.0,0.0,959.6,155.2,310.1,22.8,11.0,4.3,2162.8
23003,320,1468.4,54.8,,,1949.7,67.2,0.0,0.0,971.6,154.4,305.5,22.6,10.8,4.3,2185.0
23003,330,1472.7,55.1,,,1969.6,66.8,0.0,0.0,980.9,154.5,300.8,22.4,10.6,4.3,2204.5
23003,340,1475.5,55.4,,,1987.8,66.4,0.0,0.0,988.1,155.1,296.0,22.2,10.4,4.3,2221.9
23003,350,1477.5,55.7,,,2005.2,66.0,0.0,0.0,994.6,155.7,291.4,22.0,10.3,4.4,2238.4
